id,text,username
5,yuk simak behind the scene film anak garuda d    ,AnakGarudaMovie
5,jangan lewatkan exclusive premier film anak garuda di kota anda tiket bisa dipesan via gotix     ,joe_1995
5,terimakasih bapak ibnu sina spi  selaku walikota banjarmasin yang telah berkunjung ke sekolah selamat pagi indonesia dan mensupport film anak garuda  ,butterflypictu1
5,mau selalu termotivasi jangan lupa tonton film anak garuda  super duper keren deh  kisah nyata sutradaranya juga keren habis   ada kiki narendra ada tissa biani dan lain2  serta sutradaranya om faozan rizal yang garap habibie ainun  ,LeoBudiSuryanto
5,bangga menjadi bagian dari acara parenting kemarin bangga menjadi bagian dari founder sekolah gratis sma dan sekolah tinggi selamat pagi indonesia bangga menjadi panitia persiapan launching film anak garuda film ,ma2tatata
5,film anak garuda real story kisah anak yatim piatu yang raih kesuksesan ,BeritajatengNet
5,film anak garuda angkat kisah nyata anak indonesia    ,asatuid
5,ikut yuk guys free tiket nonton premiere film anak garuda dijamin mantul ,nicholas0575
5,perbincangan radio idola bersama sekolah selamat pagi indonesia yang menjadi latar film anak garuda yang merupakan kisah nyata perjuangan generasi millenial    ,RadioIdolaSMG
5,di markas anak garuda sma selamat pagi indonesia ini salah satu tempat shooting film anak garuda tonton exclusive premierenya yuuuk   tiket pesan ke  saya   wa 0817 9483 574 yuuukburuan supaya tidak kehabisan ,yidi_m
5,516 team wings group join exclusive premiere film anak garuda  proud sister proud family  ga sabar nonton juuugaaaaa      ,dwiariyani
5,hari pertama exclusive premiere film anak garuda hari ini meriah bangett  terima kasih atas support dan keantusiasan keluarga besar pt wings surya   jangan lupa nonton film anak garuda di tanggal 16 januari 2020   anak garuda  bisa tidak bisa harus bisa ,butterflypictu1
5,poster official film anak garuda  sebuah film yang berangkat dari kisah nyata siswa  siswi sekolah selamat pagi indonesia  ,butterflypictu1
5,anak garuda goes to school di kediri tepatnya di smp negeri 1 kediri  kira kira berikutnya tim anak garuda main ke sekolah mana ya bisikin di kolom komentar yah   jangan lupa saksikan film anak garuda di bioskop kesayangan kalian segera  ,butterflypictu1
5,film anak garuda suported by hdi      ,keiraziu
5,kalo udah nyerah mimin cuma pengen ngasih tau kalo tahun depan ada film anak garuda terus kalo dah kepo bisa nonton lebih awal loh di nobar ala2 roadshow di 20 kota di bulan desember ada merchandise gemesh juga buat kamu  yuk beli tiketnya di ,gotixindonesia
5,tribunwiki ini profil tissa biani pemeran sayyidah di film anak garuda bintang makmum ,Jessicamila_Ag
5,verdi solaiman bersama butterfly pictures garap film anak garuda  lifestyle  ,verdisolaiman
5,verdi solaiman bersama butterfly pictures garap film anak garuda  lifestyle    ,verdisolaiman
5,film anak garuda mengungkap kisah nyata sma spi  lifestyle  ,verdisolaiman
5,film anak garuda terinspirasi kisah nyata peraih kick andy heroes ,verdisolaiman
5,tissa biani temukan kehangatan saat syuting film anak garuda ,KompasEnt
5,clairine clay perankan olaf korban kerusuhan poso di film anak garuda ,KompasEnt
5, syuting film anak garuda di perancis clairine clay bawa 50 saset sambal membawa  ,KEZIAAM0UR
5, main film anak garuda clairine clay minta saran joshua suherman maklum joshua   ,SINETRON_
5,film anak garuda  kisah nyata perjuangan generasi millennial ,TimorDaily1
5,verdi solaiman produseri film anak garuda ,mediaindonesia
5,film anak garuda terinspirasi kisah nyata peraih kick andyheroes ,abadikinidotcom
5,syuting film anak garuda di negara eropa begini reaksi rebecca klopper  via ,Kanal_RI
5,cantiknya tissa biani si pemeran sayidah dalam film anak garuda ,keponewsdotcom
5,film anak garuda perjuangan mengubah nasib di tengah kekurangan ,radar_malang
5, film anak garuda adaptasi kisah nyata perjuangan pelajar indonesia film ini dia  ,SINETRON_
5,7 fakta film anak garuda kisah riil inspiratif anak kaum marjinal ,keponewsdotcom
5,film anak garuda mengungkap kisah nyata sma spi ,GATRA_News
5,perjuangan generasi millenial di film anak garuda ,KANALTIGAPULUH
5,film anak garuda ceritakan perjuangan 7 siswa sekolah spi ,pubinform
5,mbois cokelat shooting video klip soundtrack film anak garuda garapan spi  ,kabarmalang
5,  mbois cokelat shooting video klip soundtrack film anak garuda garapan spi ,MalangTODAYnet
5,film anak garuda kisah nyata perjuangan generasimilenial ,Tandaseru_id
5,launching film anak garuda  ,HarianNeraca
5,verdi solaiman bersama butterfly pictures garap film anak garuda ,bisnisindgroup
5,film anak garuda suguhkan kisah perjuangan generasi millenial ,majalahSCG
5,kemarin para cast anak garuda ada di   tunggu kehadiran cast anak garuda dikota  kota kalian  jangan lupa nonton film anak garuda di bioskop  bioskop kesayangan kalian     ,topsellid
5,film anak garuda ,antarajatimcom
5,rilis awal 2020 film anak garuda diperkuat soundtrack dari band cokelat ,e100ss
5,anak garuda  faozan rizal  butterfly pictures  coming soon  teaser official   film anak garuda ini dibintangi oleh tissa biyan violla georgie ajil ditto clairine clay ,Premiere_Magz
5,anak garuda  faozan rizal  butterfly pictures  coming soon   film anak garuda ini dibintangi oleh tissa biyan violla georgie ,Premiere_Magz
5,sekolah selamat pagi kembali dipromosikan lewat film anak garuda  ,AnakGarudaMovie
5,film anak garuda mampu memotong mata rantai kemiskinan    ,AnakGarudaMovie
5,film anak garuda kisah nyata perjuangan 7 siswa hebat  via  ,AnakGarudaMovie
5,film anak garuda mengungkap kisah nyata sma spi  gaya hidup  ,AnakGarudaMovie
5,  7 fakta film anak garuda kisah riil inspiratif anak kaum marjinal  via  ,AnakGarudaMovie
5,film anak garuda menceritakan kisah nyata perjuangan di sma selamat pagi indonesia  via  ,AnakGarudaMovie
5,film anak garuda adaptasi kisah nyata perjuangan pelajar indonesia via  ,AnakGarudaMovie
5,film anak garuda angkat kisah nyata perjuangan yatim piatu raih kesuksesan  ,AnakGarudaMovie
5,film anak garuda angkat kisah nyata perjuangan yatim piatu raih kesuksesan ,AnakGarudaMovie
5,just another day for us  an achievement for others  minggu lalu cokelat band ada kerjaan shooting video klip buat soundtrack film anak garuda yang merupakan sebuah film yang bercerita tentang pencapaian mimpi dari ,ronnyfebryn
5,film anak garuda kisah perjuangan generasimilenial ,cakrawala_co
5,kak kmrn wktu misa malam natal di salah satu gereja katholik di malang ada intensi misa permohonan buat kelancaran penayangan film anak garuda jadi ga sabar nih moga lancarr ,shaniaeleonora
5,hey guys dont miss it 16 januari 2020 film anak garuda sudah tayang di bioskop seluruh indonesia yang mau dapat tiket gratis bisa contact aku ya di dmwa anak garuda bisa tidak bisa harus ,wrgwiwid
5,bupati kukar nobar film anak garuda ,ProkomKukar
5,film anak garuda bagus ges kalian harus nonton  rilisnya 2020 di bioskop tp ak suda nonton duluan heheh merasa senang,jamaisvibes
5,bener aku jd ngefans sama violla georgie pas main film anak garuda cakep banget akting nya,KrizAulia
5,alo loop station suroboyo mengulang kembali memori beberapa waktu yang lalu   nah ini ada spesial appearance  dari promo film anak garuda indonesia yg hari ini kolaborasi dengan telkomsel  ,deny_budianto
5,erzaldi ajak anak yatim nonton film anak garuda ,rakyatpos
5,film anak garuda  bisa tidak bisa harus bisa siap tayang di bioskop mulai 16 januari 2020 tapi kita bisa nonton duluan hari kamis 12 desember 2019 ini di mega bekasi xxi jam 1830 wib   segera pesan tiket nya ke ,margo_mulyo
5,jangan lupa film anak garuda sebentar lagi akan tayang   ini karya luar biasa dari selamat pagi indonesia keren koh  takjub saya disana   tanah 20 ha itu disulap utk anak anak berkarya ,RockersPantura
5,official poster film anak garuda  tayang 16 januari 2020 di bioskop  mereka  sebuah kisah nyata  mereka yatim  piatu dan tidak mampu  mereka di hina  di tertawakan  mereka mengalami luka batin  kepahitan hidup  mereka terpinggirkan  di pandang sebelah mata ,BoxOfficeMovie_
5,trailer terbaru film anak garuda sudah hadir di website idfilmcenter tonton trailernya di link berikut  ,IdFilmCenter
5, valuable encouragement for valuable environment   jangan lupa nonton film anak garuda di tanggal 16 januari 2020   anak garuda  bisa tidak bisa harus bisa   faozanrizal  fraulein ,verdisolaiman
5,hai aku angga dan aku oliv kami anak garuda dari jambi dari mana datangnya cinta  dari mata turun ke hati dari mana anak garuda dari anakanak sma spi  yuk ikuti kami nonton premier film anak garuda di bioskop ,OlivineJuntak
5,jadi ceritanya aku besok senin diundang ke premier film anak garuda film ini menceritakan kisah nyata dari siswasiswi sma selamat pagi indonesia dalam menggapai impiannya   karena ceritanya begitu inspiratif aku mau bagikan sedikit info yang aku tahu tentang sekolah ini,nendrabertus
5,haloo anak garuda   24 jam lagi official trailer film anak garuda akan segera rilis di semua sosial media butterfly pictures   so stay tuned terus guys   faozanrizal  fraulein vidasylvia ,LeoBudiSuryanto
5,film anak garuda kalau punya mimpi jangan pernah nanggung ,majalahSCG
5,film anak garuda siap memberi inspirasi ,IvanBoediman
5,nobar kali ini spesial banget bisa ketemu dengan alumni spihighschool yaitu ridwan yang merupakan salah satu tokoh  di film anak garuda wow seru banget dah filmnya  yang belum ,Jo_hanes87
5,inspirasi transformasi meraih mimpi polres jember ajak kaum millenial nobar film anak garuda  tribratanews polres jember  menularkan maha karya inspirasi tranformasi meraih mimpi bagi kaum millenial kepolisian ,Pol_Sumberbaru
5,hai guys cetak gantungan kunci pin custom disini ajah harga murmer lhoo tuh udh banyak yg bikin  terima kasih film anak garuda kab madiun qty  110pcs  atau mau cetakpin  ganci model lainnya bisa atau ,MDR_Creative
5,    jadilah the best version of yourself   jangan lupa nonton film anak garuda di tanggal 16 januari 2020   anak garuda  bisa tidak bisa harus bisa    ,erieknjuragan
5,    nggak ada yang nggak bisa selama kita niat   jangan lupa nonton film anak garuda di tanggal 16 januari 2020   anak garuda  bisa tidak bisa harus bisa ,erieknjuragan
5,  with makerepost  yang menentukan jadi apa kita dimasa depan adalah apa yang kita lakukan hari ini bukan masalalu   jangan lupa nonton film anak garuda di tanggal 16 januari 2020 ,erieknjuragan
5,walikota hadiri exclusive premiere film anak garuda  humas ,radar_malang
5,walikota hadiri exclusive premiere film anak garuda ,Humaskotabatu
5,pemutaran perdana film anak garuda di platinum artos magelang bisa tidak bisa harus bisa ayo pada nonton ,nicholas0575
5,abid nntn premiere film anak garuda mostly yg nntn adalah orang china baru ini jadi minoritas yaaaaa nggakpapa se wkwkwk,AuliaSyamsitaA
5,mari nonton film anak garuda insight nya sungguh luar biasa yang berminat bisa chat me  ,joe_1995
5,film anak garuda sangat recommend ,FahmiNu68971901
5,saat ini film anak garuda sedang tayang nasional di seluruh xxi termasuk di bandung dengan menonton film ini kalian bakal dapetin banyak sekali pelajaran ilmu hidup  bagus juga buat anak2 remaja sekaligus ,ma2tatata
5,untuk kamu yang hari jumat kemarin belum sempat ketemu dengan pemaintokoh asli film anak garuda besok minggu 19 januari 2020 jam 16002000 akan menyapa kalian saat nonton di central city xxi so buruan beli ,centralcity_smg
5,film anak garuda keren si,choviaaa
5,sukses buat film anak garuda di surabaya next ktemu  di jakarta ,BMandraa
5,         mari kita nonton film anak garuda yang terinspirasi dari ,yudi_sma10
5,apa kata mereka ttg film anak garuda anda sudah nonton  yukkk segera nonton y supaya gak ketinggalan film inspiratif tahun ini lgsg cussss ke bioskop yg tayang y    ,StefanusTenks88
5,film anak garuda sudah bisa dinikmati bareng temanteman dan keluarga di bioskop  yukkk tunggu apalagi  kita tunggu review kalian      ,verdisolaiman
5,siap2 mau nntn film anak garuda bangga jd entrrpriser hdi,tianmarstg
5,film anak garuda sudah bisa dinikmati bareng temanteman dan keluarga di bioskop  yuk kita simak kata merekamereka yang sudah nonton        ,verdisolaiman
5,film anak garuda sudah bisa dinikmati bareng temanteman dan keluarga di bioskop  yuk kita simak kata merekamereka yang sudah nonton       ,verdisolaiman
5,seru banget guyss hari ini solopos fm berkesempatan untuk berbincang bersama para cast dan karakter asli dari film anak garuda tissabiani  kikinarend mohiqbalsulaiman   ,SOLOPOSFM
5,sabtu film anak garuda sudah keluar dari bioskop setiabudi semarang ,Kofindo
5, film anak garuda hari sabtu di bioskop  hari ke3   city  1300  1540  1820  2100 dp  1300  1540  1820  2100,Kofindo
5,live tonton visit media anak garuda bersama para cast dan karakter asli film anak garuda di ig   dan fb  hari ini  penasaran gimana keseruannya sostay tune ya      ,soloposdotcom
5,film anak garuda diangkat dari kisah nyata tujuh alumni sekolah selamat pagi indonesia ,kompascom
5,nobar film anak garuda cara bacawabup nuri karimatunnisa beri inspirasi ke anakyatim ,SMNNews3
5,film anak garuda bnr2 inspiring bangetz mengharukan ampe ambyar gw nangis parah ada juga yg bikin senyum ampe ketawa yang pasti banyak banget hal positive yg bisa gw ambil dari film ini   yang belom nonton ,margo_mulyo
5,film anak garuda diangkat dari kisah nyata penuh inspirasi dan motivasi ,BeritajatengNet
5,film anak garuda karya perdana anakanak sekolah selamat pagi indonesia ,tianmarstg
5,film anak garuda sudah bisa disaksikan di bioskop sekarang  kisah nyata inspiratif siswa siswi sekolah yatim piatu selamatpagi indonesia spi yang sukses menjadi para entrepreneur muda diangkat ke layar lebar ,verdisolaiman
5,apa komentar para artis aktor penyanyi yang telah menonton film anak garuda anda sudah nonton  yukkk segera nonton y  supaya gak ketinggalan film inspiratif tahun ini  lgsg cussss ke bioskop yg tayang y ,StefanusTenks88
5,saksikan all about film anak garuda di kick andy  17 januari 2020 pukul 1830 di metro tv          ,StefanusTenks88
5,oke gus  kayaknya menarik film anak garuda apalagi buatan anak negeri sendiri siapa tahu sepulang nonton bisa dapet pacar baru,aciljogja
5,kisah inspiratif dari siswa siswi yatim piatu sekolah selamat pagi indonesia spi diangkat ke layar lebar dalam film anak garuda  bisa tidak bisa harus bisa  semuanya akan dibahas tuntas oleh andy f noya hanya ,verdisolaiman
5,film anak garuda banyak inspirasi bagi mereka yg masih sekolah          ,StefanusTenks88
5,new post dilla dan rebecca pemain film anak garuda hadir di balikpapan terbatkan semangat bagi generasi muda ,IniBalikpapaner
5, film anak garuda hari jumat di bioskop  hari ke2   city  1300  1540  1820  2100 dp  1300  1540  1820  2100 setiabudi  1230  1735  berkurang,Kofindo
5,film anak garuda bagus bangett kemarin langsung nonton dong pesan moral nya banyak ceritanya baguss bisa bikin emosi naik turun gtuu ,arifadella12
5,pada episode kali ini  kedatangan pemain film anak garuda yaitu tissa biani rebecca klopper dan ajil ditto yang akan menceritakan keseruan seputar film anak garuda muthix  saksikan malam ini jumat 171 pukul 1930 wib hanya di metro tv ,Metro_TV
5,waww mimpi apa aku yaallah direplay sama bapak produser  wah gaslah nonton film anak garuda aja kalau gitu,ummyulvairoh
5,news video kunjungan kru dan pemeran film anak garuda ke tribun kaltim ,PegiatSosial
5,bagi ajil dito memerankan robet di film anak garuda gampanggampang susah mudahnya memerankan robet yg sama2 ceria kadang konyol itu sama dengan sifatnya tapi aksen jawa timuran robet yang kental menjadi tantangan tersendiri jumat 17 januari pkl 1930 wib,KickAndyShow
5,film anak garuda tayang di bioskopbioskop mulai hari ini  yuk kita simak kata merekamereka yang sudah nonton    swipe kanan buat lihat bioskop terdekat    ,verdisolaiman
5,rabu film anak garuda sudah keluar dari bioskop central city semarang ,Kofindo
5,selasa11 feb film anak garuda tayang lagi  kali ini di bioskop central city  1130 ,Kofindo
5,review film anak garuda  lewat ,Titiantoro
5,kamis film anak garuda sudah keluar lagi,Kofindo
5,tayang kembali   film anak garuda hari ini rabu  di bioskop citra jam 1815,Kofindo
5,eh malah sama bunda  yg belum hahaha  tgl 11 feb saya ke banjarmasin nemani 468 siswa dari sma don bosco nonton film anak garuda di xxi duta mal  ikutankah bun,LeoBudiSuryanto
5,beri anak kebebasan dan tanggung jawab igi bali selenggarakan nonton bareng film anak garuda ,kumpulanbali
5,10 potret clairine christabel pemeran olfa di film anak garuda   ,dailysiacom
5,beberapa hari yang lalu kami nonton film anak garuda  film sangat bagus dan menginspirasi  kemarin bersama tim jci east java kami mengunjunginya langsung ke markas anak garuda sekolah selamat pagi indonesia   kami ,jhonnythio
5,sabtu film anak garuda keluar dari bioskop dp mall semarang,Kofindo
5,tayang kembali  film anak garuda di dp mall  1830 ,Kofindo
5,kampoeng kidz di transformer center  lokasi syuting film anak garuda,LeoBudiSuryanto
5,kamis film anak garuda sudah keluar dari bioskop dp mall semarang   film bertahan 2 minggu di bioskop semarang  ,Kofindo
5, film anak garuda hari rabu di bioskop  hari ke14   dp  1245  1525  1805  2045,Kofindo
5, film anak garuda hari selasa di bioskop  hari ke13   dp  1245  1525  1805  2045,Kofindo
5, film anak garuda hari senin di bioskop  hari ke12   dp  1245  1525  1805  2045,Kofindo
5,md wts voucher tiket film anak garuda di xxi  cinema 21  hb 100rb untuk 4 tiket seharga  25rb hj 50rb  cod stasiun tangselmanggarai bisa shopee  minat dm ,MyDamnStuffs
5, film anak garuda hari minggu di bioskop  hari ke11   dp  1245  1525  1805  2045,Kofindo
5,terimakasih sudah mau meluangkan waktu menonton film anak garuda masih ada kesempatan bagi yang mau nonton di transmart jam 1830 dan 2110 ,joe_1995
5, film anak garuda hari sabtu di bioskop  hari ke10   dp  1245  1525  1805  2045  berubah,Kofindo
5, film anak garuda hari jumat di bioskop  hari ke9   dp  1300  1540  1820  2100,Kofindo
5,beberapa komentarkomentar netizen yang begitu menikmati film anak garuda menambah semangat kita semua yuk buruan nonton film anak garuda yang belum nonton  film anak garuda sedang tayang di bioskop       ,PecintaFilmOFC
5,saya menjual kaos anak garuda bisa tidak bisa harus bisa film anak garuda the movie seharga rp80000 dapatkan produk ini hanya di shopee  ,D26Store
5,lokasi chatime kegiatan  revisi cv ama bikin resume dan diselingi dgn mendengar tante2 yg ngomelin paguyubannya yg pada gamau diajakin nonton film anak garuda,rezatasliim
5,oke juga ni film anak garuda you should really watch it guys,fanjarif
5, film anak garuda hari kamis di bioskop  hari ke8   dp  1300  1540  1820  2100,Kofindo
5,keseruan tim  jcieastjava nobar   semoga pesan yang di sampaikan melalui film anak garuda sampai ke hati kalian yaitu jangan pernah menyerah selalu bersyukur berani bermimpi menjaga ,jhonnythio
5, bang udah nonton film anak garuda rating dong,fanjarif
5,jadwal film anak garuda hari ini di seluruh bioskop indonesia ,hadi9850
5,film anak garuda lumayan lho gaes menginspirasi dan cukup menghibur sekarang masih tayang yg kepingin nonton buruan kalau liat gelagatnya sih gak lama lagi turun,OomYahya
5, film anak garuda hari rabu di bioskop  hari ke7   dp  1300  1540  1820  2100,Kofindo
5,terima kasih sudah mendukung kami dengan menonton film anak garuda boleh sharing dong apa yang didapat dari film anak garuda ,AnakGarudaMovie
5,kupang rnc  tayang perdana film anak garuda karya rumah produksi butterfly pictures ternyata diminati para pencinta film film ini mengangkat kisah nyata proses kesuksesan dari tujuh alumnus sekolah selamat pagi spi di kabupaten malang  wali kota dr ,rakyat_NTT_com
5,karena aku belum difollback di akun mvs yang baru jadi disini ajaa  well ternyata film anak garuda melebihi ekspektasi ku aku kira bakal jadi film yang bosen tentang persahabatan remaja yang begitu2 aja ternyata makna nya lebih besar dari itu  rate 7810 ,doughnutluvs
5,film anak garuda bukan cuma cerita inspiratif yang seru dan kocak tapi gambargambarnya pun memanjakan mata thanks to our talented director of photography amalia ts   yukkk tunggu apalagi  kita tunggu review ,verdisolaiman
5,film anak garuda bukan cuma cerita inspiratif yang seru dan kocak tapi gambargambarnya pun memanjakan mata thanks to our talented director of photography amalia ts     yukkk tunggu apalagi  kita tunggu review ,verdisolaiman
5,terima kasih 108118 sahabat anak garuda dari dari seluruh indonesia yang sudah menonton film anak garuda  kalian luar biasa  anak garuda sedang tayang di bioskop ,BoxOfficeMovie_
5,kuy kenalin dulu nih salah satu anak garuda dari banyuwangi dilla cewek fashionable ini jagonya dalam urusan penampilan loh sob cewek kalem dan lembut ini kabarnya deket sama wayan loh hmm kira  kira bener gak ya di film anak garuda dilla diperankan oleh rebecca klopper ,butterflypictu1
5,  7 fakta film anak garuda kisah riil inspiratif anak kaum marjinal   via ,AnakGarudaMovie
5,kami anak garuda terbang tinggi menatap matahari  saksikan film anak garuda dibioskop kesayangan kalian segera  ,butterflypictu1
5,bukan apa yang kita terima tapi apa yang bisa kita berikan untuk indonesia  saksikan film anak garuda dibioskop kesayangan kalian segera    ,butterflypictu1
5,eiffelyes i did it  guyspengen tau nggak gimana perasaan olfa ketika bisa menginjakkan kaki di kota impiannya paris dan melihat menara eiffel  saksikan film anak garuda dibioskop kesayangan kalian segera    ,butterflypictu1
5,live learn love mau tau seberapa exictednya wayan saat pertama kali ke eropa dan berkunjung di tempat impiannya tepatnya di sungai siene  paris   saksikan film anak garuda dibioskop kesayangan kalian segera    ,butterflypictu1
5,with god all things are possible guys pengen tau gimana sih excitednya dilla ketika pertama kali merasakan salju   saksikan film anak garuda dibioskop kesayangan kalian segera    ,butterflypictu1
5,nothing is impossible ingin tahu gimana perasaan robet yang berhasil mewujudkan impiannya untuk bisa menginjakkan kakinya di place de la concorde di paris   saksikan film anak garuda dibioskop kesayangan kalian segera    ,butterflypictu1
5,mouline de rouge bisa tidak bisa harus bisa guys pengen tau gimana perasaan sheren ketika pertama kali menginjakkan kaki di paris tepatnya di mouline de rouge   saksikan film anak garuda dibioskop kesayangan kalian segera    ,butterflypictu1
5,melihat indahnya arc de triomphe  paris merupakan sebuah kesempatan yang tidak pernah dilupakan oleh say karena ia yakin hasil tidak akan mengkhianati proses   saksikan film anak garuda dibioskop kesayangan kalian segera    ,butterflypictu1
5,basilika sacr cur selama tidak berdosa lakukan guys pengen tahu gak sih gimana perasaan yohana ketika pertama kali menginjakkan kaki di basilika sacr cur  paris   saksikan film anak garuda dibioskop kesayangan kalian segera    ,butterflypictu1
5,film anak garuda sebuah film yang diangkat dari kisah nyata perjalanan siswa  siswi sekolah selamat pagi indonesia dalam menggapai cita  citanya rintangan apa saja yang mereka hadapi selama menggapai cita  cita nya  saksikan film anak garuda di bioskop segera ,butterflypictu1
5,kemurahan tuhan butterfly pictures dipercaya untuk melakukan presentasi film anak garuda  di hadapan menteri prof dr muhadjir effendy map menteri pendidikan dan kebudayaan dalam acara simposium nasional  penanaman nilai pancasila di kota malang ,butterflypictu1
5,kemurahan tuhan butterfly pictures hari ini melakukan presentasi film anak garuda dengan menampilkan show anak garuda dan pesona sang garuda dalam acara simposium nasional  penanaman nilai pancasila di kota malang ,butterflypictu1
5,selain shooting di batu film anak garuda juga ada di eropa  yuk intipin keseruannya   jangan lupa nonton film anak garuda segera di bioskop  ,butterflypictu1
5,yuk intipin keseruan dibalik pembuatan film anak garuda  siapa nih yang belum lihat official video behind the scene film anak garuda kuy cek di youtube butterfly pictures tap link on bio    segera di bioskop  ,butterflypictu1
5,press conference di surabaya juga dihadiri oleh produser kita yaitu verdi solaiman penasaran kota mana lagi yang akan kita kunjungi stay tune terus di instagram  dan  yah karena kita bakalan update terus info seputar film anak garuda ,butterflypictu1
5,press conference film anak garuda kembali lagi diadain di surabaya  penasaran kota mana lagi yang akan kita kunjungi stay tune terus di instagram  dan  yah karena kita bakalan update terus info seputar film anak garuda  ,butterflypictu1
5,masih ada di surabaya  dan  lagi ada di suara surabaya radio fm  tunggu kehadiran cast anak garuda di kota  kota kalian   jangan lupa nonton film anak garuda di bioskop  bioskop kesayangan kalian  ,butterflypictu1
5,masih ada di surabaya  dan  lagi ada di she radio  tunggu kehadiran cast anak garuda di kota  kota kalian   jangan lupa nonton film anak garuda di bioskop  bioskop kesayangan kalian  ,butterflypictu1
5,para cast anak garuda ada di   tunggu kehadiran cast anak garuda dikota  kota kalian   jangan lupa nonton film anak garuda di bioskop  bioskop kesayangan kalian   ,butterflypictu1
5,jenny zhang aktris berdarah tionghoa ini akan berperan sebagai ce yenny  istri ko jul  di film   jangan lupa nonton film anak garuda di bioskop  bioskop kesayangan kalian segera  ,butterflypictu1
5,aldy rialdy aktor berkebangsaan indonesia ini akan berperan sebagai rully di film anak garuda peran rully bakal buat kamu terkedjoed di bioskop segera so stay tune terus sob ,butterflypictu1
5,saat press conference film anak garuda di tanggal 22 agustus 2019 verdi solaiman sebagai produser film anak garuda juga ikut loh siapa nih yang udah gak sabar nungguin filmnya   ,butterflypictu1
5,keseruan cast film anak garuda saat press conference di tanggal 22 agustus 2019   segera dibioskop anak garuda the movie di seluruh bioskop kesayangan kamu ,butterflypictu1
5,keseruan cast film anak garuda saat press conference di tanggal 22 agustus 2019   coming soon 2020 ,butterflypictu1
5,kalau niatnya baik tuhan pasti akan memberikan jalan keluar kalimat itulah yang selalu beliau katakan kepada setiap orang yang menantang beliau untuk mendirikan sekolah gratis selamat pagi indonesia   saksikan film anak garuda dibioskop segera  ,butterflypictu1
5,sheren si gadis pemberani dari madiun kehilangan ayahnya saat dia duduk di kelas 6 sd karena sebuah kecelakaan saat menjempu sheren dari sekolah   saksikan film anak garuda dibioskop segera  ,butterflypictu1
5,sebagai anak pertama membuat wayan harus bertanggung jawab ditengah kondisi orang tuanya yan ingin bercerai karena kondisi ekonomi   saksikan film anak garuda dibioskop segera ,butterflypictu1
5,sempat mengalami keminderan karena berasal dari keluarga kurang mampu dengan kondisi ayah seorang penjual cilok robet melampiaskan perasaannya dengan kenakalan   saksikan film anak garuda di bioskop segera ,butterflypictu1
