10,bodyguard ugalugalan wkwk tidak jelas banget anjing
10,sumpah yang paling tidak jelas yang pernah ditonton bodyguard ugal ugalan sumpah tidak ngerti apa faedahnya
10,truth or dare kalau film indo bodyguard ugal ugalan saking jeleknya aku sm temen ketawa aja sepanjang film karena menyesal
10,nyesel banget nnton di bioskop wkwkw but the worst is bodyguard ugal ugalan ini parah si kaya nnton variety show di transtv gitu nyesel juga nnton di bioskop
10,film indo bodyguard ugal ugalan pls i know this sounds stupid tapi aku sm temen iseng banget mau liat syahrini akwkwk pas abis keluar bioskop kita ketawa miris aja ud buang duit film luar paper town after sierra apalah itu tapi tidak boong castnya emg cakep bgtt
10,film indo nih bayi gaib awkwkwk trs bodyguard ugal ugalan asli w sama temen gada kerjaan banget nnton ginian
10,muahahaha film bodyguard ugalugalan ternyata ada di indoxxi penasaran aja sama filmnya walau kata orang garing dan busuk
10,nonton film bodyguard ugalugalan bikin ngakak aja
10,abis nonton bodyguard ugalugalan hmm aku membuang waktuku sia sia seandainya waktu bisa diulang lebih baik aku cuci piring
10,tidak juga ah kemarin bodyguard ugalugalan tidak sampe sejuta orang yang nonton
10,film terburuk apa yang pernah kamu tonton seumur hidupmu bodyguard ugal ugalan itupun krn ngikutin temen aku yang kya nya emang suka sm syahrini
10,maaf yah bintangnya jadari awal pemutaran sampe akhir aku tidak ketawa paling mesem aja karena menurutku komedinya ada yang jadul berlebihan kebanyakan
10,mengetes kesabaran dengan menonton aksi cetar membahana syahrini di bodyguard ugalugalan review film
10,bodyguard ugalugalan syahrini adalah lelucon terbesar bangsa ini via
10,kebanyakan film adaptasi novel horror sudah agak mendingan tidak jual aurat kebanyakan film komedi yang malah gatau lucunya dimana bodyguard ugalugalan misal
10,menonton bodyguard ugal ugalan cukup berat ya
10,bodyguard ugalugalan joke copy paste ngalor ngidul tidak jelas
10,bodyguard ugalugalan syahrini adalah lelucon terbesar bangsa ini via
10,bodyguard ugalugalan syahrini adalah lelucon terbesar bangsa ini lewat
10,bodyguard ugalugalan syahrini adalah lelucon terbesar bangsa ini jika ada yang agak orisinal ujungya garing
10,bodyguard ugalugalan syahrini adalah lelucon terbesar bangsa ini via artikel yang sebenarnya beropini yang kuat tapi sebagai ulasan film kampretnya tidak nahan mbok ya ngasih spoiler ke manamana
10,terlepas dari review film ini merupakan tulisan yang sangat bagus bodyguard ugalugalan syahrini adalah lelucon terbesar bangsa ini via
10,melihat film bodyguard ugal ugalan menjadi menarik ketika penonton lagi butuh hiburan
10,baru tau tontonan bodyguard ugalugalan gokil juga hmm
10,saya cinta film bodyguard ugal ugalan filmnya bagus dan menginspirasi rakyat indonesia soundtracknya easy listening editannya setara dengan film hollywood
10,film yang paling lucu gokil menurut kalian tuh apa bodyguard ugal ugalan
10,keren harus nonton gua habis keracunan bodyguard ugal ugalan butuh penawar yang cespleng
10,wkwkw mending nonton bodyguard ugal ugalan gan wkwkw
10,pengin noton ku lari ke pantai bodyguard ugalugalan sumpah sama koki cilik ya bole lah
10,ayooo ahhh tapi nonton bodyguard ugal ugalan
10,oiya kemarin satu tim penuh nonton bodyguard ugalugalan fenomenal
10,pengin nonton bodyguard ugal ugalan tapi pada sibuk smwa
10,film syahrini bodyguard ugalugalan keren banget ngakak dari awal sampe akhir
10,keluarganya diajak nonton bodyguard ugal ugalan aja haha
10,antusiasme penonton bodyguard ugalugalan syahrini luar biasa
10,abis nonton bodyguard ugalugalan dah gt aja
10,bodyguard ugal ugalan receh sekalihaha banyak komedi yang miss sik daripada hit nya syahrini cetar membahana chika jessica scene stealer banget ketawa sampe nangis dibuatnya
10,baiklah sabtu akan nonton bodyguard ugalugalan
10,twist di film bodyguard ugalugalan lebih bagus ketimbang di film target
10,baru aja nonton film inces bodyguard ugalugalan di bioskop lucu abisss ngakak terus
10,klo cowo protektif tuh kayak bodyguard ugalugalan siapa aza dipinggirin nah klo cowo posesif tuh kayak satpam kompleks disamperin malah tanya macem dan minta id card segala
10,mendingan gue nonton bodyguard ugalugalan dua kali temen gue lagi
10,iya karna yang ugal ugalan cuma bodyguard nya syahrini
10,setalah tak tanya gugel ternyata judulnya bodyguard ugal ugalan mba
10,apa cuma saya yang berpikir kalau lagu syahrini yang jadi ost bodyguard ugalugalan gubrak gubrak jeng jeng ini mirip ama runaway babynya bruno mars
10,kenapa gada yang mau ngeladenin w nonton bodyguard ugalugalan
10,kurang orisinil euy banyak adegan jiplak nya
10,terlalu banyak kegaringan dalam film ini
10,lucu kaga garing iye
10,buat film komedi jokesnya sangat kuranggg bosquh
10,iyasihhh ini pilem komedi tapi efeknya gausah selebay itu juga kaliii
10,jelek jalan cerita gajelas
10,aktingnya lebay bgtt
10,dari awal liat trailernya udah feeling bakal gajelas eh bener aja kan
10,pilem gajelas
10,jelek parah anjirrr
10,rugi gaes jangan nonton iniii
10,buangbuang waktu nonton ini film
10,menyesal menonton film ini
10,jelek parah
10,kurang menghibur dan kurang suka sama efeknya yang lebay parah
10,sangat sangat kurang dari sisi penulisan skripnyaa apalagi sampe eksekusi akhir
10,kecewa nonton ini
10,beberapa jokes yang dipake ngena banget sm keadaan sekarang baguss
10,keren juga komikakomika ini actingnya
10,mantap buat hiburan diakhir pekan melepas penat dari kerjaan
10,mantap nih punchline nya banyak yang ngena buat gua hahahahh
10,lumayan baguss laa
10,udah nonton beberapa kali masi aja ngakak parahhhh
10,tidak bisa berhenti ketawa nonton ini wkwk
10,mantap lumayan buat hiburan
10,salfokk sama si nicole deh
10,tamara makin tua makin cakep ajeee
10,sukakkk liat boris disiniii kwkw
10,loloxx idola aingggg
