18,kangen genre mystery thriller macam kala  pintu terlarang om bosen sama genre horror dan komedi yg overproduced di indonesia btw gua ga sabar film perempuan tanah jahanam tayang di bioskop om 
18,bang joko anwar filmnya ada dua yang coming soon perempuan tanah jahanam garap sendiri dan ratu ilmu hitam garap bareng sutradara pengabdi setan nambah list coming soon aja nih bang jokan
18,ada apa dengan font merah ala joko anwar satan slave perempuan tanah jahanam maupun ratu ilmu hitam ini 
18,fontnya mirip2 perempuan tanah jahanam 
18,beda perempuan tanah jahanam saya sutradarai sendiri 
18,bang ini yang lain lagi ya beda kan sama perempuan tanah jahanam 
18,tunggu sampai perempuan tanah jahanam rilis
18,perempuan tanah jahanam
18,perempuan tanah jahanam  
18,nulis okb sebelum nulis skenario gundala skenario perempuan tanah jahanam udah selesai tahun 2009 hihi 
18,gw bingung bang kok bisa lagi nyiapin gundala tiba2 ada okb trus nyiapin perempuan tanah jahanam juga mantul kerja terus jangan lupa jaga kesehatan bang cabi
18,joko anwars perempuan tanah jahanam
18,oooh i see i see baru tau aku yang perempuan tanah jahanam itu berarti gore lagi kah
18,im glad that perempuan tanah jahanam is gonna be release after avengers so my theatre will put this film on a bigger cinema and i can enjoy watch it ugh im excited 
18,first preview of perempuan tanah jahanam impetigore with producers ivanhoe pictures base entertainment cj entertainment rapi films logika fantasi i am super proud of it thank you my incredible cast and crew 
18,bulannya sama kaya rilis perempuan tanah jahanam ya
18,just finished interviewing the christine hakim for perempuan tanah jahanams behind the scene my feet just wouldnt stop trembling 
18,11 november perempuan tanah jahanam
18,perempuan tanah jahanam 11 november 2019
18,dulunya adalah kandang sapi dirubah menjadi rumah set untuk syuting perempuan tanah jahanam sekarang berubah menjadi perpustakaan semogah bermanfaat buat warga desa palpakis yanv jauh dari mana2 
18,dih itu yg dibold gak paham film boy  wolesin ajeh    itu project sopo emg   
18,makanya om itu gundala sama perempuan tanah jahanam cepetan dirilis di layar tancap kesayangan eh maksud saya bioskop kesayangan hahaha
18,klo yg ini namanya perempuan jahanam bau tanah
18,nih kek judul film loe yg baru deh  perempuan tanah jahanam
18,udah keluar aja teaser perempuan tanah jahanam
18,bang kasih teaser perempuan tanah jahanam yak kalo 01 menang
18,apakah 11nov19 adalah tanggal rilis perempuan tanah jahanam 
18,gundala atau perempuan tanah jahanam nih yang kena sensor 
18,nunggu gundala dan perempuan tanah jahanam 
18,nanti jadi antagonis di filmnya joko anwar yang perempuan tanah jahanam ya
18,proyek apa ya kirakira mayakah ataukah sekuel perempuan tanah jahanam mandala
18,sejujurnya lebih excited sama perempuan tanah jahanam dibanding gundala apalagi setelah  bilang ini
18,yang masuk list gundala udah pasti lah ya  dua garis biru  lampor keknya rame perempuan tanah jahanam  bebas  bumi manusia aku masih mikirmikir
18,ratu ilmu hitam perempuan tanah jahanam gundala cmiiw 
18,seriusan deh gue ke bioskop itu selalu pengennya nonton horror karena dolby yg 71 jadi suaranya tuh enak gitu   coba film horror apa yang bakal hadir di bioskop tahun ini selain perempuan tanah jahanam karena itu emang film yang gue tunggutunggu banget tahun ini
18,suzzanna 2 ainun danur 3 dua garis biru ratu ilmu hitam gundala warkop dki rebornjangkrik boss part 3 perempuan tanah jahanam bumi manusia  imperfect bebas800rb sim 2molor ke 2020 paling lambat 900rb twivortiare300rb
18,perempuan tanah jahanam by joko anwar   ratu ilmu hitam by kimo stamboel            
18,ratu ilmu hitam 2019   perempuan tanah jahanam by joko anwar  oktober 2019            
18,                
18,segera dibioskop perempuan tanah jahanam impetigore by film  
18,film akan tayang bulan september 2019 berani nonton    teaser poster  trailer  perempuan tanah jahanam          
18,segera dibioskop perempuan tanah jahanam by film   kurang lebih 10 tahun  menyiapkan  untuk menjadi sebuah film horor yang menarik ia telah menulis draf awal skenario dari tahun 2008proses syuting pun sebentar lagi dan 
18,1 gundala 2 perempuan tanah jahanam 3 bumi manusia 4 ghost writer 5 bebas 6 warkop reborn 3 7 suzzana mjk 8 imperfect
18,1 si doel 2 2 ghost writer 3 gundala 4 perempuan tanah jahanam 5 ratu ilmu hitam 6 bebas 7 danur 3 8 warkop 3  mungkin tambahan setelah 15 film 9    bumi manusia 10  suzzana 2 11  si buta dari gua hantu 12  ainun 13  imperfect  total 20 film yang tembus sejuta
18,justru malah perempuan tanah jahanam yg ane agak ragu film genre slasher gini agak susah di kita ga sperti supernatural horror bahkan film2  dg genre seperti ini jg susah meraup penonton bnyak kala bahkan turun bioskop cepet bgt walaupun bkn slasher
18,1 ghost writer 2 si doel 2 3 gundala 4 perempuan tanah jahanam 5 danur 3 6 warkop dki reborn 3 7 bumi manusia 8 imperfect  masih ada bebas ainun ratu ilmu hitam rilis 2019 kah suzzanna 2 ini juga 2019 kah
18,list nonton film indonesia kedepan yang udah ada ketertarikan dua garis biru gundala sebelum iblis menjemput 2 perempuan tanah jahanam ratu ilmu hitam
18,ralat  min   di bioskop nanti 8 film berikutnya yang kemungkinan dari  ke  tembus sejuta penonton 1 warkop dki reborn 3 2 danur 3 3 bumi manusia 4 gundala 5 rumah kentang the beginning 6 ratu ilmu hitam 7 imperfect 8  perempuan tanah jahanam
18,ralat  di bioskop nanti 8 film berikutnya yang kemungkinan tembus sejuta penonton 1 warkop dki reborn 3 2 danur 3 3 bumi manusia 4 gundala 5 rumah kentang the beginning 6 ratu ilmu hitam 7 imperfect 8 perempuan tanah jahanam
18,gundala perempuan tanah jahanam danur 3  habibie 3  ainun cinta buta bumi manusia si doel 2   dua garis biru  love for sale 2 warkop dki 3 reborn sama satu lagi film ernest di penghujung tahun biasa ya kemungkinan di antara mereka itu doang yg terlintas wkwk
18,sekadar bahan pertimbangan ainun suzzanna mjk warkop reborn 3 gundala danur 3 sebelum iblis menjemput 2 perempuan tanah jahanam ratu ilmu hitam bebas bumi manusia
18,film2   bisa masuk 22 nya mungkin superhero movie gundala sama horror slasher perempuan tanah jahanam anyone
18,setelah sukses di pengabdi setan rapi films bakal rilis 3 film horor taun ini ikut aku ke neraka azhar kinoi ratu ilmu hitam timo bro dan perempuan tanah jahanam joko anwar
18,tambahan min dua garis biru susi susanti ainun perempuan tanah jahanam
18,dugaan bercampur harapan sementara  gundala warkop reborn 3 bebas ratu ilmu hitam suzzanna reborn 2 danur 3 sunyaruri perempuan tanah jahanam  mestinya sih lebih banyak dari 2018 anda setuju
18,gundala perempuan tanah jahanam  bebas
18,mas  perempuan tanah jahanam nya tayang kapan ku tak sabar
18,kalo filmnya joko anwar perempuan tanah jahanam kalo manusia satu ini adalah lelaki tanah jahanam
18,tampaknya gundala dan perempuan tanah jahanam bakal ketemuan
18,perempuan tanah jahanam dong
18,tenang saja filmfilm indonesia yang worth to wait pasti bakal ada kok bahkan setelah bulan juni si doel the movie 2 do re mi  you dua garis biru ikut aku ke neraka gundala perempuan tanah jahanam ratu ilmu hitam bumi manusia dan banyak lagi yang lainnya
18,semuanya ikut aku ke neraka azhar kinoi lubis perempuan tanah jahanam joko anwar ratu ilmu hitam kimo stamboel
18,this year  impetigore perempuan tanah jahanam 
18,perempuan tanah jahanam dan ratu ilmu hitam
18,kutipan dari ig  siapsiap tahun ini menjerit ketakutan di bioskop   ikut aku ke neraka tayang 11 juli 2019 sutradara azhar kinoi lubis   perempuan tanah jahanam tayang oktober 2019 sutradara joko anwar   ratu ilmu hitam tayang 2019 sutradara kimo stamboel
18,gundala perempuan tanah jahanam spiderman far from home dr strange 2 midsommar
18,yes to perempuan tanah jahanam and the remake of ratu ilmu hitam  no to drag me to hell indonesian version 
18,perempuan tanah jahanam alias impetigore
18, perempuan tanah jahanam
18,perempuan tanah jahanam cover nya manteppp
18,midsommar it perempuan tanah jahanam
18,perempuan tanah jahanam yg paling ay tunggu sih karna selain yg garap joko anwar ada produsernya the wailing juga joss 
18,btw cocoklogi upcoming felm2nya cocok ama situasi sekarang ya ada kerusuhan politik di gundala trus ada perempuan tanah jahanam yang kalo disingkat bisa juga jadi petahana  eeeh heboh cacar monyet di grup wasap baek2 kalo bikin golok setan keluar buaya putih aja sih ni
18,siapsiap tahun ini menjerit ketakutan di bioskop   ikut aku ke neraka  tayang 11 juli 2019 sutradara  perempuan tanah jahanam tayang september 2019 sutradara   ratu ilmu hitam tayang 2019 sutradara     
18,ingetin ak kalo it chapter 2  perempuan tanah jahanam dah rilis
18,udahlah intinya ku tidak sabar menunggu perempuan tanah jahanam tayang
18,yes gundala rilis eh satunya perempuan tanah jahanam kok kayak judul judul lagu metal ya headbang 
18,note nyong wes siap nonton gundala karo perempuan tanah jahanam
18,waah kudu wajib di tonton nih  biar ngerti konsepmya perempuan tanah jahanam gimana 
18,masih terngiangngiang sosok demonnya di the wailing high expectation buat perempuan tanah jahanam
18,tiga tahun lalu ternganganganga nonton film the wailing langsung jadi salah satu film horor favorit saya sepanjang masa nggak nyangka tahun ini bisa kerja sama produser the wailing bikin film perempuan tanah jahanam impetigore rilis tahun ini juga setelah gundala  
18,rilis trailer official gundala kapan nih sama perempuan tanah jahanam kayaapa trailernya
18,fita pingin perempuan tanah jahanam
18,trailer buat perempuan tanah jahanam sdh ada blm
18,im perempuan tanah jahanam kalo ada temen nontonnya tapi
18,pengabdi setan berhasil ngebuat gua ngompol dicelana apakah perempuan tanah jahanam berhasil juga 
18,tag urself im perempuan tanah jahanam team  
18,tahun ini saya akan rilis 2 film di bioskop temanteman tungguin yah gundala  perempuan tanah jahanam 
18,i live in sydney australia i probably need to wait 12 months to see it  i hope its not the same with gundala and perempuan tanah jahanam 
18,movie list gw 1 kucumbu tumbuh indahku 2 27 steps of may 3 ave maryam 4 gundala 5 perempuan tanah jahanam
18,7 xmen the new mutants 2 agustus 8 the angry birds movie 2 14 agustus 9 gundala 22 agustus 10 it chapter two 6 september 11 perempuan tanah jahanam 19 september 12 joker 9 oktober 13 frozen 2 27 november  
18,tara basro kembali terlibat dalam film horor garapan joko anwar tara bermain dalam film perempuan tanah jahanam penasaran seperti apa 
18,joko anwar merasa bahagia dalam proyek film terbarunya perempuan tanah jahanam film horor ini menurut joko diisi oleh dream cast 
18,joko anwars perempuan tanah jahanam set for september release 
18,joko anwars perempuan tanah jahanam set for september release  
18,siap sport jantung ini 5 fakta film horor terbaru  skenarionya udah dibikin dari 2008 loh     
18,day 1 shot perempuan tanah jahanam  first impression meet pak jokan finally i meet and work with him   first impression meet tara basro anjeng jibaaaaaaannnnnn eh  mirip bgt tp tinggian jiban
18,perempuan tanah jahanam adalah bukti cinta joko anwar untuk christine hakim 
18,joko anwar  perempuan tanah jahanam   indosiar  azab perempuan perebut kekasih sahabat sendiri tanah kuburan amblas penghuni neraka jahanam   lebih horror mana gaess 
18,gila emang jokan perempuan tanah jahanam baru dibikin 11 tahun setelah naskahnya ditulis dia bener2 mastiin klo support systemnya ada 3 rumah produksi hollywood korea indo bakalan dibalik film ini pasti akan meletop seperti pengabdi setan
18,film horor baru joko anwar perempuan tanah jahanam digarap 11 tahun 
18,film terbaru  yg berjudul perempuan tanah jahanam 
18,film perempuan tanah jahanam siap rilis september 2019 
18,alasan christine hakim akhirnya main film horor perempuan tanah jahanam 
18,merespon film terbaru dari bang  perempuan tanah jahanam fanart teaser poster  
18,  joko anwar butuh 10 tahun wujudkan perempuan tanah jahanam 
18,joko anwar garap film yang ditulis sejak tahun 2008 silam menurutnya film perempuan tanah jahanam merupakan skenario terlamanya 
18, joko anwar ajak christine hakim di perempuan tanah jahanam via  
18,sutradara joko anwar secara resmi memperkenalkan film terbarunya perempuan tanah jahanam 
18,perempuan tanah jahanam memasuki tahap produksi setelah bertahuntahun diperbaiki 
18,perempuan tanah jahanam nah ini film terbaru yang akan di rilis oleh joko anwar setelah menghabiskan 11 tahun buat bikin naskah nya  sampaisampai casting pemain ny itu dipilihin banget  tara basro aja yang udah sering main joko anwar harus ikut casting lagi loh 
18,pak  saya ikut jadi cast peran pembantu dong difilm perempuan tanah jahanam saya dari jurusan seni teater   apabila bapak memberi kesempatan  trima kasih
18,faktafakta dibalik pembuatan film horor perempuan tanah jahanam 
18,christine hakim ramaikan perempuan tanah jahanam 
18,perempuan tanah jahanam itu masih ada hubungan dngan kala
18,christine hakim ramaikan perempuan tanah jahanam   bagian poster film perempuan tanah jahanam untuk pertama kalinya dalam 46 tahun kariernya aktris senior christine hakim bakal bermain dalam film horor kepastian itu terungkap setelah sutradara joko anwa
18,tara basro ikut audisi untuk film perempuan tanah jahanam 
18,berita bintang  perempuan tanah jahanam mimpi joko anwar yang menjadi kenyataan ide bisa ditemukan di mana saja dan kapan saja tak jarang ide juga bisa seketika 
18,berita bintang  perempuan tanah jahanam mimpi joko anwar yang menjadikenyataan 
18,ide dari mimpi joko anwar wujudkan jadi perempuan tanahjahanam 
18,ario bayu kesulitan jadi dalang di film perempuan tanah jahanam 
18,ide dari mimpi joko anwar wujudkan jadi perempuan tanah jahanam 
18,translate nya perempuan tanah jahanam
18,setelah pengabdi setan joko anwar bakal membawa teror lewat proyek film horor terbarunya joko bersiap menggarap horor bertajuk perempuan tanah jahanam   film ini dijadwalkan rilis di layar lebar september 2019 
18,ini maksudnya  mau bilang umumkan atau bilang uwuwuwkan  nevermind cant wait to watch  
18,perempuan tanah jahanam karya joko anwar peran perempuan dalam film horor indonesia sebuah studi dalam studi gender  teori eksistensialis  noh yang mau bikin tesis atau jurnal penelitian ttg film dan studi gender noh noh noh
18,next film indonesia yg wajib gw tonton   gundala perempuan tanah jahanam
18,ario bayu jadi dalang di perempuan tanah jahanam   
18,kurang lebih 10 tahun  menyiapkan  untuk menjadi sebuah film horor yang menarik ia telah menulis draf awal skenario dari tahun 2008proses syuting pun sebentar lagi dan film akan tayang bulan september 2019 berani nonton  
18,padahal film in the middle of love ada di list untuk nonton bareng kine  saadd anyway we have gundala bebas perempuan tanah jahanam bumi manusia tho 
18,joko anwar speaks to thesun about turning one of indonesian iconic comic book gundala putera petir into a film where the malaysian actor bront palarae is playing a key role       
18,my mother had such a colourful personality and i have written her into most of my scripts many wonderful actresses have played her  joko anwar an indonesian  film director      
18,film director joko anwar speaks to thesun about bringing  indonesian iconic comic book gundala to the screen it will hit indonesian cinemas on aug 29      
18, thread directing 101 dari sutradara perempuan tanah jahanam yang sangat patut disimak oleh teman teman   
18,iya judulnya kalau dilafalin ngasih vibes kayak perempuan tanah jahanam badass  doctor strange duet sama wanda juga di film ini dan untuk pertama kalinya mereka ketemu gak sabar mei 2021
18,penampakan perdana perempuan tanah jahanam yang mencekam 
18,penasaran perempuan tanah jahanam sama ratu ilmu hitam
18,uuuu trailer gundala keren must watch neh habis gundala terus perempuan tanah jahanam panen filmnya om joko nih akhir taun  
18,sedang menunggu perempuan tanah jahanam nya joko anwar
18,17 makmum danur 3 gundala bumi manusia perempuan tanah jahanam habibie ainun susi susanti bridezillaimperfect
18,24 oktober 1 minggu setelah perempuan tanah jahanam dan maleficent  
18,bangga gak sih indonesia punya sutradara kaya joko anwar yang karya nya ditunggutunggu sama penikmat film ku tuh ga sabar pengen liat gundala dan perempuan tanah jahanam loh excited
18,makin penasaran dan ga sabar m nnton film perempuan tanah jahanam 
18,penasaran ma perempuan tanah jahanam
18,wah kirain jadi agustus bang kan oktober juga lumayan berat ada bebas sama perempuan tanah jahanam
18,teaser perempuan tanah jahanam
18,gundala besok kan perempuan tanah jahanam exciteeed
18,trailer gundala ato perempuan tanah jahanam nih
18,trailer perempuan tanah jahanam kah  jam 5 sore ini ada sesuatu
18,oh iya jangan lupa nih  terbaru dari   perempuan tanah jahanam 
18,  
18,lagi nonton hasil music scoring perempuan tanah jahanam jantung kami sampai turun ke perut serem banget ya tuhan  seriously damn 
18,mantappu jiwa ya guys sampe capek nonton nya film terserem versi indo sih gatau makmum sama perempuan tanah jahanam bakal kek apa
18,prediksi penonton di bioskop  gundala 19 juta danur 3 28 juta warkop dki reborn 3 38 juta bumi manusia 34 juta perburuan 16 juta ratu ilmu hitam 2 juta perempuan tanah jahanam 25 juta ainun 28 juta imperfect 14 juta   jadi nanti total 18 film 
18,still waiting karya karya joko anwar cooming up next gundala perempuan tanah jahanam
18,yess paling di tunggu ada juga perempuan tanah jahanam warkop dki reborn part 3 habibie  ainun 3 bisa 1 juta penonton lebih 
18,pecah gundala bumi manusia danur 3 ratu ilmu hitam suzzannasim 2 perempuan tanah jahanam  mungkin sebuah kejutan tidak sempurna dari ernest  walaupun dari semua list itu hanya 5 yang akan kutonton
18,hindari karena jb1  2 tidak selucu warkop aslinya belum lagi aliandoadipatirandy yang menurut orang kayak dipaksain  1017 oktober perempuan tanah jahanam impetigore 955 rapi films  joko anwar  keren semoga bisa mengulangi kesuksesan dan kengerian pengabdi setan
18,pecah min mungkin 16 film dan tambahannya ada 7 film bumi manusia  gundala  warkop dki reborn part 3  perempuan tanah jahanam  danur 3 sunyaruri  habibie  ainun 3  imperfect
18,keluarga cemara preman pensiun okb dilan 1991 my stupid boss 2 yowis ben 2 si doel 2 kuntilanak 2 ghost writer dua garis biru bumi manusia gundala twivortiare perempuan tanah jahanam habibie ainun 3 imperfect
18,pecah dong  masih ada gundala warkop reborn  danur 3 perempuan tanah jahanam ratu ilmu hitam  imperfect  bebas sama kemungkinan suzzana 2  sim 2
18,dari penampakan pertama  ini udah mulai kebayang gimana seremnya film kedua joko anwar di tahun ini 
18,repost  first look perempuan tanah jahanam  sebuah teror level baru dari joko anwar  pemain tara basro christine hakim ario bayu marissa anita asmara abigail kiki narendra tengku rifnu zidni 
18,perempuan tanah jahanam joko anwar
18,sekian review alaala untuk hari ini yg punya ig di snapgram juga udh leluar reviewnya   next gundala perempuan tanah jahanam bumi manusia pertaruhan mungkin
18,tunggu perempuan bersiap  be like      
18,perempuan tanah jahanam film horor karya joko anwar yang terlihat mencekam 
18,kita sambut para perempuan tanah jahanam  
18,sama ratu ilmu hitam hannn tp gatau kapan btw kl perempuan tanah jahanam kyknya tahun ini
18,iya horor perempuan tanah jahanam karya joko anwar s
18,joko anwar shares first look of perempuan tanah jahanam 
18, shares first look of perempuan tanah jahanam  
18,inilah first look film perempuan tanah jahanam karya sutradara   produser    film perempuan tanah jahanam ini telah menyelesaikan masa produksi di bulan maret  april 2019 lalu di daerah pedalaman jawa timur  nantikan penayangannya  
18,kenapa lebih pengen perempuan tanah jahanam daripada gundala
18,penasaran dg gundala dan perempuan tanah jahanam   kala  pintu terlarang  hbo series a mothers love berkesan 
18,bang perempuan tanah jahanam trailernya udah ada
18,dua garis biru bumi manusia perburuan twivortiare wedding agreement habibie ainun 3 warkop dki 3 perempuan tanah jahanam  selamat perfilman indonesia membuat dompetku jebolll
18,joko anwar rilis bocoran film perempuan tanah jahanam  via   
18,joko anwar rilis bocoran film perempuan tanah jahanam 
18,perempuan tanah jahanam      
18,gak sabar buat  
18,joko anwar pamer tampilan perdana perempuan tanah jahanam 
18,soksok an ye mau nonton perempuan tanah jahanam padahal nonton pengabdi setan aja gamon dari ibu selama sebulan dasaraku
18,dulu waktu joko anwar dimas aditya tara basro diundang sarah sechan di talkshownya untuk promo pengabdi setan joko anwar blg dia akan milih tara basro untuk main di filmnya dia lagi   terbukti di perempuan tanah jahanam yang akan tayang nanti
18,perempuan tanah jahanam  first look  sebuah teror level baru dari  dan   caption ajakan untuk nanya pendapat para followers    
18,bang  kenapa sihh keren banget sbg dop  aduuuhhh  seperti apa lagi ini sinematografinya 
18,suting  di sebuah desa di ijen yang harus ditempuh melalui medan yang berat but totally worth it the scenery is amazing the people are super nice and you got the best crew and cast  tapi nggak ada sinyal 
18,ssstt  kabarnya rumah tua di banyuwangi ini jadi salah satu lokasi syuting film perempuan tanah jahanam arahan joko anwar  lokasi desa lemahbangdewo kecamatan rogojampi banyuwangi  bener gak yaa  
18,film internasional digarap di banyuwangi  shoting film perempuan tanah jahanam sutradara joko anwar di rumah tua lemahbang dewo rogojampi banyuwangi  perempuan tanah jahanam impetigore merupakan salah satu 
18,sore ini sebagian tim lakukan pengalihan arus lalu lintas pd simpang tembokrejo muncar dikarenakan ada giat proses shooting film horor perempuan tanah jahanam yg ambil lokasi di terminal bis muncar  rencana akan lanjut pengambilan shooting di ijen nanti malam 
18,malam yang indah adalah malam dimana aku berharap ada pelukan erat yang selalu menghangatkan tubuh yang bergetar     
18,paling angka final dilan 1991 nanti bakal dilampaui perempuan tanah jahanam atau gundala sih perkiraanku semoga saja
18,film film yang bakal ditunggu 2019 ini  1 perempuan tanah jahanam pengen tau pake banget kolaborasi jokwar sama directornya the wailing katanya sih the next level of horror  2 midsommar not a fan of hereditary really it sucks  but hey lets give a shot to this one 
18,midsommar us perempuan tanah jahanam is 2019 gonna be the year when i begin to be into horror movies
18,kek perempuan tanah jahanam ya mas
18,setelah 10 tahun joko anwar umumkan perempuan tanah jahanam  
18,wawancara bang   tentang pembuatan fim terbaru perempuan tanah jahanam di entertainment news 
18,9 fakta film perempuan tanah jahanam tara basro main horor lagi   
18,jangan lupakan pula gundala wiro sableng perempuan tanah jahanam dan ratu ilmu hitam
18,sutradara  sudah merilis poster perdana film terbarunya  dibintangi oleh jajaran cast    dan christine hakim kirakira filmnya bakal sekeren apa ya yuk kita tunggu tanggal mainnya   
18,setelah 10 tahun joko anwar umumkan perempuan tanah jahanam 
18,05 sindonews lifestyle setelah 10 tahun joko anwar umumkan perempuan tanah jahanam 
18,setelah saya hayati kembali film  kemarin ada pesan moral juga mengenai bahaya informasi yg salah di masyarakat mungkin cerita film  dibuat jelas dan tuntas juga agar tidak ada asumsi salah di masyarakat 
18,perempuan di tanah jahanam aja rel
18,perempuan tanah jahanam is another level of horror movie  gak banyak jumpscare tapi lumayan disturbing apalagi lagunya hhhhh but worth to watch sukaaaakk bgt
18,mutualku twitter gada yg mo nonton perempuan tanah jahanam apa 
18,   score  385  ide  konsep   alur cerita   akting    audio  musik  visualisasi    review lengkapnya cek di bawah ini 
18,ada yg udah nonton perempuan tanah jahanam reviewnyaa toloong 
18,perempuan tanah jahanam 2019 
18,aku nonton perempuan tanah jahanam wkwk di btc beby
18,ada yg mau nemenin ntn  ga sih laki gw kaga mauu takut katanya 
18,ingin nonton perempuan tanah jahanam
18, unpopular opiniom
18,biasa iseng ngereview di instastory iseng ah masukin tweet karena males ngetik ulang langsung di masukin aja gambar instastorynya  
18,apalah daya tempat gue gak ada bioskopnya  
18,jahanam perempuan tanah nonton kek
18,pertama kali mimpi buruk lagi ini efek semalem nonton  kah
18,film lansiran  emang gak pernah salah ptj sukses bikin serasa ditampartampar sejak awal speechless gak ketebak salut terakhir lihat film yang after tastenya kayak film parasite ya ini  bagus banget dan harus nonton
18,pgn nntn joker bebas dan perempuan tanah jahanam
18,perempuan tanah jahanam 810 
18,ternyata ehh ternyata ini sebuah marketing perempuan tanah jahanam anjirrr 
18,selamat pagi naaak     ayoo bangun   cepat mandi  jangan lupa sarapan biar hatimu gak berantakan      
18, filmnya ga ngebosenin seruu kalau perempuantanahjahanam horor sih pasti tegang tegang gimana gitu
18,kalau film lain aku berani nonton di bioskop sendirian  kalau perempuan tanah jahanam tidak 
18,oke kita liat seberapa seremnya perempuan tanah jahanam nanti
18,   
18,perempuan tanah jahanam was really a nightmare for me
18,malang perempuan tanah jahanam kuy
18,prediksi skor shopee liga 1 tira persikabo vs bhayangkara fc  cm303            
18, is such a masterpiece the story line is good without cheap jump scare love it love it love it  is surprisingly good at javanese accent lumayan wangun
18,bulan ini budget nonton lebih banyak film nya bagus2 kurang perempuan tanah jahanam sama love for sale 2 
18,aish apa gw kudu terbang dulu vuman buat nonton nih film  hisk 
18,bagusan mana    
18,thanks ya bang  sudah buat film sebagus ini   harusnya ini jadi standard buat film maker lainnya sih fix fix fix bgt 
18,yang pasti jangan telat nonton  awal film itu adegan yg paling ngehe menurut gue gila lo baru duduk terus haha hihi langsung di jebret atmosfer thriller yg bgst  
18,pengen bgt nonton perempuan tanah jahanam tp teman2ku gamau  mereka takut aku pun jg takut si tapi penasaran wkwkwk
18,perempuan tanah jahanam gilaaak bikin petjaaah dan aku bahagia banget ketemu salaman trus say thank you langsung ke bang joko udah buat film bagus kayak gini 
18,gila sih bang joko dan perempuan tanah jahanam dari ceritanya pemain sama tepatnya the best pas habis nonton film ini rasa degannya gak ilang berharap film ini bisa tembus 5 juta penayangan sih  
18,perempuan tanah jahanam reviewnya bagus2
18,virar pasangan tampa busana tertangkap kamera google maps di pinggir jalan         
18, film indonesia dengan tata artistik terbaik di tahun ini imho terima kasih bg   om frans paat serta seluruh crew yang terlibat film horor indonesia naik level lagi 
18,saya rasa pihak bioskop salah prediksi film sebagus  jadi opsi kedua setelah maleficent seharusnya ptj yang jadi pilihan utama buktinya full semua tadi malem di xxi kalibata 1 kata untuk perempuan tanah jahanam gelisah 
18,ibu sibuk main hp anak balita ini meninggal kesetrum charger hp orang tua ya allah ampuni hamba         
18,saya rasa kalo ada film yang bercerita tentang desa harjosari dengan terror yang barunya asik kali ya  
18,numpang nanya ya maaf perempuan tanah jahanam 17
18,ini tl banyak review perempuan tanah jahanam semua kga ada yg mau review perempuan tanah abang tah
18,nonton   justru makin membuat saya yakin bahwa saya lebih takut dengan manusia daripada setan
18,capek  happy banget semalem nonton  ceritanya dibangun dengan sangat sangat apik cast all crew set  sinematografinya terbaik suka banget sama opening scenenya selamat buat bang  dan semua yang terlibat     9510   kerasa
18,perempuan tanah jahanam emang bener lebih ngga santai dibanding pengabdi setan
18,last night super   
18,beres nonton   pegel nggak bikin takut hantu tapi tegang  
18,habis nonton perempuan tanah jahanam
18,perempuan tanah jahanam memikat sejak menit awal namun daya pikatnya mengendur saat memasuki babak akhir setiap orang memang tidak bisa memilih keluarganya tapi setiap filmmaker orang bisa memilih bagaimana mengakhiri kisahnya  
18,prediksi skor shopee liga 1 semen padang vs madura united  cm303           
18,i need space for this ill wait on you know       midnightconversations
18,pengen nonton perempuan tanah jahanam deh
18,porsi  di perempuan tanah jahanam serius kurang banyak i love how witty she delivers the every scenes she deserves a gold  doa pake bahasa indonesia aja emang tuhan cuma ngerti bahasa arab doang  juarak
18, gimana  kerasa nggak  
18,dari minggu lalu ibu2 di grup sibuk mau pada nobar perempuan tanah jahanam trus semalem trending jadi ingin ikut nonton tapi sieun tapi penasaran tapi gimana dong
18,7 perempuan tanah jahanam  no comment nonton aja gamau spoiler intinya tentu aja seru dan menegangkan wkwk
18,setelah nonton perempuan tanah jahanam jadi tertarik buat nonton ratu ilmu hitam hmm
18,lebih ngagetin lebih banyak ngeri nya karena serangga serangga nya lebih nyaman nonton perempuan tanah jahanam
18,perempuan di tanah jahanam itu film horror bukan
18,seru bgt tapi perempuan tanah jahanam aku pingin nonton manehhhh
18,rencana nonton bareng film perempuan tanah jahanam di gedung bioskop grand senen terpaksa dibatalkan 
18,astaga ko ada si amjink rumah macam film perempuan tanah jahanam bisa2nya pen melihara kucing anyink sebell
18,ini alasan perempuan tanah jahanam datangi grand theater senen bioskop tua yang sudah tidak beroperasi 
18,hiisetelah film perempuan tanah jahanam bioskop tanah air kembali diramaikan dengan ratu ilmu hitam ini fakta tentang film itu    via 
18,penulis sama tapi sutrada beda perempuan tanah jahanam secara sinematik artistik jangan tanya mantapnya  tapi cerita dan horror yg bikin deg degkannya jauh lebih dapet di ratu ilmu hitam
18,keren banget filmnya perempuan tanah jahanam maya vs dini kerasa nggak
18,udh 2 kali nonton horror indonesia skrg ini perempuan tanah jahanam sama ratu ilmu hitam dan aku lebih prefer yg bikin deg deg kan ratu ilmu hitam gegara hewan laknat walaupun ada karakter yg useless pdhl peran horrornya dapet sekali
18,njir abis nonton ratu ilmu hitam kebawa mimpi kata org yg uda nonton perempuan tanah jahanam sih ini jauh lebih gore
18,perempuan tanah jahanam hahahaha
18,gue sepanjang film ah anjing oalah jingan buajingaaan re misuh tok  ok that aside story wise menurut gue juga lumayan banyak plot hole  ga sebagus perempuan tanah jahanam yang walaupun samasama bikin misuh tapi i was left in awe kalo yang ini i was left  confused
18,filmnya graphic banget guys tw graphic blood violence serem horror wise sih enggak setannya dikit dah asli tapi sadissadisnya sama graphicnya itu lebih triggering daripada perempuan tanah jahanam imo 
18,oh kasih pujaan hatiku    tanahjahanam 
18,perempuan tanah jahanam  ratu ilmu hitam  rih horrornya sangat amat bgst 
18,  tariannya kek yg di perempuan tanah jahanam
18,perempuan tanah jahanam lebih ke thrillergore sih
18,nobar film perempuan tanah jahanam di bioskop tua grand senen dibatalkan 
18,perempuan tanah jahanam batal tayang di bioskop tua jakarta 
18,apa aku perlu maraton perempuan tanah jahanam dan ratu ilmu hitam agar supaya terkalibrasi hmm
18,sepanjang nonton perempuan tanah jahanam cuman bisa misuhngakakmisuhnangismisuh lagi hade capek aku nontonnya soalnya sengeri itu
18,perempuan tanah jahanam aja belum nonton ini bang  udah rilis film baru  ckckckck
18,karo perempuan tanah jahanam luwih horror endi aku berharap gore nya ada yg lebih dari tanah jahanam sih wkwk
18,perempuan tanah jahanam belom nonton udah ada aja ratu ilmu hitam huhuhu kudu movie marathon iki koyoe
18,mbak tara di film perempuan tanah jahanam keren banget sih aku nge fans deh
18,oiya perempuan tanah jahanam sama maleficent 2 belom ya
18,sepanjang nonton perempuan tanah jahanam diriku misuh terus enak banget
18,nobar perempuan tanah jahanam di grand theater senenbatal 
18,yg di layar perempuan tanah jahanam yg di sebelah perempuan taman firdaus fix abis ini cuci muka pake aer perasan kurma
18,kudos to joko anwar script perempuan tanah jahanam sama ratu ilmu hitam gokil sih 
18,wkwkwkwkw serem itu ato perempuan tanah jahanam
18,sepenasaran itu buat nonton  di bioskop ini udah registrasi dari kemarin tapi sampe sekarang wanya belum dibales sedih deh aku  
18,cast perempuan tanah jahanam semuanya super humble bgt ya ampun sukak deh sama artis2 macem begini hihiii nggak ada yang nunjukkin seakan2 mereka artis besar gt hhm u know wht i mean laah
18,perempuan tanah jahanam bagus gak begitu ngeri atau serem tapi kereen ceritanya njir udah gitu bioskop kosong terus bisa sambil leha2 nontonya hehehe huuuuh malam jumatku terpenuhi 
18,lbh keren dari perempuan tanah jahanam wkwk 
18,nonton  dilanjut  bakal auto jackpot kyknya  parah 2 film ini sih gila bngt
18,gausa nonton film ratu ilmu hitam wes sek apikan perempuan tanah jahanam jauuuuuuh
18,baru pertama kali gw nonton di bioskop tuh tukang bioskopnya salah puter film doong harusnya fim terminator eeeeh yg diplay malah film perempuan tanah jahanam 
18,ratu ilmu hitam lebih mendebarkan dari perempuan tanah jahanam   sekian
18,perempuan tanah jahanam lewat 
18,menyempatkan waktu di malam jumat ini untuk sekedar berkunjung dan mengirimkan alfatihah demi kesembuhan tole  cc   
18,ini bukan aktrisnyatapi ini salah satu orang yang pling berjasa juga di acara2  dri awal smpe  tertarik mw foto bareng sama mba tia ini eh bener bukan ya namanya min  maaf ya mba klo salah sebut
18,kamu kesalahan yg harus aku hapus  perempuan tanah jahanam 2019
18,dan  sedang buat pasar dan standar buat film horor indo  ntaps bahkan   dan  lebih gila dari pada conjuring   menurut gw
18,ratu ilmu hitam  perempuan tanah jahanam
18,gw rasa dengan adanya  dan  bisa jd standar film horor indo kedepannya jadi bakalan berkurang film horor menye2 yang ceritanya sekitaran liburan ketempat nenek pulau atau hutan
18,perempuan tanah jahanam lebih bikin mual daripada ratu ilmu hitam tapi lebih bagus ratu ilmu hitam walaupun keduanya samasama bikin bingung
18,kaya perempuan tanah jahanam dong
18,tapi secara keseluruhan sih lebih suka perempuan tanah jahanam dibanding ratu ilmu hitam 
18,perempuan tanah jahanam bang
18,perempuan tanah jahanam ga serem bukan horror menurut gua ratu ilmu hitam keren sii goodlah  hahah siaal emang nntn bgtuan mulu
18, jug dah neh film bikin gw ngilumerinding mual mual bangkeeeeeeeeee ratu ilmu hitam  sekelas perempuan tanah jahanam
18,masi tim perempuan tanah jahanam sih aku geuleuh bgt sama ratu ilmu hitam
18,anjrit emg film garapan joko anwar jahaman bukan maen  mules mual campur adul deh dibuatnya belok kelar keenegkan dr perempuan tanah jahanam sudah ditambah dengan ratu ilmu hitamkacaw yg amajing sih  
18,o ini lanjutan perempuan tanah jahanam itu  kapan ni di bioskop 
18,sebelum  dimulai di starium teaser trailernya    tadi diputer dan gue merinding ga kelarkelar gilaaaaa sound dua film ini cadas  
18,sudah seminggu lebih teaser trailer perempuan tanah jahanam  tayang dan berbagai reaksi sudah direkam oleh teman teman semua   intip keseruannya di video kompilasi reaksi menonton teaser trailer perempuan tanah jahanam ini   
18,video reaksi teaser trailer perempuan tanah jahanam  
18,baru ngebreakdown teaser nya  aja udah seru gini 
18,suasana mencekam dalam trailer perdana perempuan tanah jahanam
18,iya kan ini rencana emang mau nonton makmum sih sama gk sabar nonton perempuan tanah jahanam 
18,ikut 1 ka perempuan tanah jahanam
18,film horror  terbaru nih perempuan tanah jahanam  impetigore tayang 17 oktober 2019             
18,good morning twitterrrr  pagi pagi   jahe kacang enak juga ya     
18,joko anwar kembali membuat para penikmat layar lebar penasaran dengan karyanya ini dia teaser perempuan tanah jahanam yang bikin  simak video selengkapnya di  
18,yoy di minggu ke32 2019 masih ketinggalan 5 juta lebih dari 2018 ayo semangat bumi manusia gundala warkop reborn 3 danur 3 bebas perempuan tanah jahanam ratu ilmu hitam imperfect habibie  ainun 3  
18,masih ada bumi manusia perburuan gundala perempuan tanah jahanam ratu ilmu hitam
18,alfa wajib melu nonton perempuan tanah jahanam pokoke
18,kerasa gak  
18,perempuan tanah jahanam keknya bakal bagus banget besutan joko anwar dan diambil cj ent pula
18,haha paling yng indo pilemnya jokan  perempuan tanah jahanam haha
18,btw  itu film slasher kan ya bukan kanibal 
18,rekaman podcast bersama  tunggu rilisnya yah temanteman   
18,nonton teaser trailernya perempuan tanah jahanam aslik asmara abigail  kerasa nggak  gue
18,see you at the cinema october 17th 2019  
18,penampakan teaser poster  di    temanteman sudah ada yang melihat juga 
18,mau nonton trailer perempuan tanah jahanam                        
18,  tidak akan melihat apapun terkait perempuan tanah jahanam karena nonton filmnya abang joko itu lebih enak ketika kita have no clue ketika duduk di kursi bioskop
18,both gundala and perempuan tanah jahanam are to be released this year and im looking forward to be destroyed emotionally and mentally by my man jokan 
18,tuh anak cewe kalo dah gede jadinya perempuan tanah jahanam
18,serunya lagi  sepertinya bakal bertarung dengan maleficent 2
18,perempuan tanah jahanam by  sangat menarik untuk ditunggu  kerasa nggak  
18,trailer perempuan tanah jahanam
18,setelah persiapan selama sepuluh tahun perempuan tanah jahanam akhirnya akan segera dirilis 
18,lesgo nonton perempuan tanah jahanam
18,aladdin vs perempuan tanah jahanam 
18,klo film horor gw lg nunggu perempuan tanah jahanam tp baru release 24 oktober mungkin gundala dulu 
18,ternyata kerasa gak perempuan tanah jahanam udah ada lagunya   
18,teaser trailer perempuan tanah jahanam dirilis 
18,dan saya mau perempuan tanah jahanam juga seperti itu
18,perempuan tanah jahanam juga dong bang
18,apakah perempuan tanah jahanam juga dolby atmos bang
18,perempuan tanah jahanam film terbaru joko anwar yang bikin merinding 
18,perempuan tanah jahanam film horor joko anwar yang bikinmerinding 
18,digarap joko anwar selama 10 tahun trailer perempuan tanah jahanam dirilis 
18,nyebelin emang teaser trailernya perempuan tanah jahanam
18,after her short but iconic moment in pengabdi setan im looking forward for her performance in perempuan tanah jahanam she got that effortlessly creepy and mysterious aura also her tagline is like the 2nd coming of shareefa daanishs in macabre
18,  special teaser perempuan tanah jahanam by bisik bisik film  a podcast on anchor 
18,sungguh beruntung perempuan ini marianaresli bisa terlibat dalam produksi film perempuan tanah jahanam karya mas  yang beberapa bulan lagi akan tayang di bioskop kesayangan sebelumnya mari kita saksikan 
18,perempuan tanah jahanam film terbaru joko anwar yang bikinmerinding 
18,cover perempuan tanah jahanam ae pie
18,liat teaser trailer perempuan tanah jahanam by joko anwar kayaknya bakal bagus deh 
18,syiitt belom liat trailernya aku sudah takut  honestly liat bumi manusia lebih menakutlan drpd perempuan tanah jahanam
18,perempuan tanah jahanam  official teaser trailer  reactions malaysia  via 
18,2017 nonton pengabdi setan terus a mothers love beberapa bulan kemaren nonton gundala  perempuan tanah jahanam terus minggu kemaren nonton a copy of my mind jadi mikir joko anwar nih punya masalah apa ya sampe filmnya selalu punya ending yang kentang
18,perempuan tanah jahanam knives out
18,colek om  kali aja mau bikinin perempuan tanah jahanam versi koriya tara basronya aku setuju irene 
18,perempuan tanah jahanam 
18,ehhh perempuan tanah jahanam lu kenapa kritik gubernur jakarta doang kenapa gak ada satupun kritik ke gubernur lainnya atau kritik ke jokowi berani gak loe
18,  ga cuma poster nya yang favorit tp film nya juga poster nya teh minimalis tp beneran serem  film nya apalagi ya allah diriku beneran lebih banyak nutup mata monton perempuan tanah jahanam dari pada midsommar hahaa  
18,kalo bisa adegan mantap mantapnya gausah disensor biar kayak di film perempuan tanah jahanam wkwkwkk
18,cocok buat sekuelnya perempuan tanah jahanam
18,itu foto ya tempat yg perempuan tanah jahanam ya
18,  sejauh 2019 ini gue suka sama poster film perempuan tanah jahanam karena unsur mistik dan misterinya dapet banget terus dua garis biru simple dan tipografi sm fotonya berpadupadan goks  
18,       poster film indonesia terfavorit pilihanqu di 2019 ini adalah perempuan tanah jahanam krn keren dan ga lebay trus cm ngeliat dari posternya aja udah bikin penasaran sm filmnya poster film dgn genre horror gore terbaik cucoook heheu 
18,ada link perempuan tanah jahanam gaa
18,5 film indonesia terbaik tahun 2019 menurut gua  1 gundala 2 dua garis biru 3 keluarga cemara 4 27 step of may 5 perempuan tanah jahanam
18,lebih suka kalo pake bahasa jawa deh kaya perempuan tanah jahanam nyerap banget pesan nya ke penonton
18,loh perempuan tanah jahanam kok jadi turun ratingnya dari 9 jadi 8
18,pengen banget gua kulitin jadi wayang nih si the real perempuan tanah jahanam 
18,terima kasih temanteman semua yang sudah memilih  sebagai most favorite actress di   congrats maya   
18,adegan itu perempuan tanah jahanam masih biasa emg sengaja dibikin blurry untuk rilis reguler  masih lebih eksplisit di film babi buta yang ingin terbang
18,maya   
18,perempuan tanah jahanam di akhir ada lagu natal
18,mine   the princess diaries  the princess diaries 2  mean girls  oceans 8  i can speak  black panther  sunny  crazy little thing called a love  camp rock  camp rock 2  the hustle  sebelum iblis menjemput  perempuan tanah jahanam  orang kaya baru  bebas
18,memang gak ada akhlaknya perempuan tanah jahanam ini
18,serasa nonton pengabdi setan deh campur dengan perempuan tanah jahanam
18,pagi pagi udh ngeliat si perempuan tanah jahanam ya allah kenapa lama bgt hidupnya di tenangin
18,perempuan bidikmisi tanah jahanam
18,perempuan tanah jahanam whiplash
18,perempuan tanah jahanam chapter 2 
18,perempuan tanah jahanam bikin deg degan parah
18,perempuan tanah jahanam ya
18,perempuan tanah jahanam ratu ilmu hitam makmum 
18,the real perempuan tanah jahanam
18,vibe poster perempuan tanah jahanam 
18,ratu ilmu hitam  perempuan tanah jahanam can never 
18,mau juga aku tengok film indo  ni tapi ndak berani huh
18,kemaren ngobrol ma temennya anak gue dia pernah nonton perempuan tanah jahanam itu mah bukan horor hantu tapi bunuh2an ih aku gak kuat liatnya kulit orang dijadiin wayang apaan coba  hmmmm gajadi nonton udh di spoiler
18,gua bakal bayar 2x lipat tiket buat nonton perempuan tanah jahanam versi videoboard gini
18,akting kalian luar biasa     cocok ikut cast perempuan tanah jahanam 2 lop yu kalean  
18,skedul impetigore perempuan tanah jahanam di sundance enam kali tayang gilak 
18,perempuan tanah jahanam sebelum iblis menjemput ratu ilmu hitam
18,impetigore at the sundance film festival 2020     
18,penelusuran rumah joglo lokasi film perempuan tanah jahanam muncul penampakan yang sulit untuk dijelaskan 
18,perempuan tanah jahanam director cut
18,21 perempuan tanah jahanam 
18,gue mimpi adegan pembunuhan kek di perempuan tanah jahanam
18,10   terlaris  2019  dilan 1991 hingga perempuan tanah jahanam 
18,the next perempuan tanah jahanam 
18,astagfirullahaladzim endingnya lebih horror dari perempuan tanah jahanam  
18,the night comes for us daffodils my stupid boss 12 perempuan tanah jahanam
18,perempuan tanah jahanam degdegan iya cape iyatakut iya ssmuanya dahh
18,keramat sebelum iblis menjemput perempuan tanah jahanam makmum jeritan malam
18,alalala lalongg soal perempuan tanah jahanam itu ya wakk
18,tara basro a copy of my mind ini kisah tiga dara gundala perempuan tanah jahanam adinia wirasti  critical eleven susah sinyal acha septriasa  sabtu bersama bapak asmara abigail  sultan agung perempuan tanah jahanam
18,film pilihan tempo 2019  skenario dirmawanhatta  sutradara yosepangginoen  aktris laurabasuki  aktor gunawanmaryanto  aktrispendukung christinehakim   aktorpendukung baskaramahendra 
18,nkcthi mirip2 perempuan tanah jahanam menurut gw ptj katanya serem bgt blablabla pas gw tonton ya bagus ceritanya emg beda tapi kagak serem cok nah nkcthi ini katanya sedih bgt bikin banjir sedih sih tapi ya ga sedalem itu sih konfliknya menurut gw tapi ya bagus ceritanya wk
18,kalian gak perlu perkosa gw gw juga udah ga perawan kalo kalian mau kalian bisa minta baikbaik  dini perempuan tanah jahanam
18,filmfilm joko anwar yang udah gue tonton jg keren like 1 pengabdi setan 2017 2 janji joni 2005  3 jakarta undercover 2007 4 a copy of my mind 2015 5 perempuan tanah jahanam 2019 6  orang kaya baru 2019
18,biasa aja efek sound aja yg bikin gmana kek film horror padahal biasa banget lbh serem jg perempuan tanah jahanam 
18,ketinggalan shutter island the number 23  dari indonesia kala modus anomali perempuan tanah jahanam
18,gw nonton perempuan tanah jahanam sendiri pada tepuk tangan temen gw 
18,random bgt anj kenapa jdi gua baca gnian haduh jadi pengen baku hantam si perempuan jadijadian tanah jahanam wkwk
18, 
18,kalo indonesia perempuan tanah jahanam ratu ilmu hitam kuntilanak tapi yang main jullie estele
18,perempuan tanah jahanam  mula tayangan di malaysia 6 feb 2020
18,perempuan tanah jahanam versi dunia nyata nih cc 
18, yo i get to see perempuan tanah jahanam opening night so stoked to hear the qa 
18,ini adalah gua sehabis nonton perempuan tanah jahanam   efeknya sampe segininya loh dan sampe saat ini  itu film emg parah sih 
18,perempuan tanah jahanam team a 
18,perempuan tanah jahanam  team b 
18,kamu tak perlu menjadi sempurna untuk jadi cantiksuicide squad  kamu kesalahan yang harus aku hapusperempuan tanah jahanam  aku hampir mati karena merindukanmu kemarinlove alarm  aku gak suka di kekangdilan 1991  jika tidak cinta lepaskan saja akufriendzone
18,5 perempuan tanah jahanam pengabdi setan makmum
18,pokoknya kelakuannya jahanam bener bang perempuan tanah jahanam irl 
18,bacot perempuan tanah jahanam
18,reynhard sinaga difilmkan akan menjadi film bergenre crime thrillermengingat perempuan tanah jahanam sngt bagus joko anwar sangat pas unt ini dan reza rahardian mngkin akan bgs playing this kind of psycho caracter
18,you guys should watch pengabdi setan and perempuan tanah jahanam too 
18,ini si embahnenek yang di perempuan tanah jahanam bukan sih
18,at least its better than bernapas dalam kubur lol i cant wait for perempuan tanah jahanam next joko anwar is on a roll
18,5 perempuan tanah jahanam horror thrill yang berhasil membawa kesan yang menarik dan tak terlupakan sajian thrill yang sungguh gila namun tetap asyik     8410      full review  
18,salah satu cerita di hi5teria kok mirip perempuan tanah jahanam
18,gundala perempuan tanah jahanam imperfect
18,dulu selalu kesel abis nonton film indonesia di 2019 lebih banyak nonton film indonesia  perempuan tanah jahanam ratu ilmu hitam love for sale 2 rumput tetangga itu aja sih yg keinget tp kualitas jauh meningkat keren 
18,impetigore judul englishnya perempuan tanah jahanam cinta what they dont talk about when they talk about love
18,perempuan tanah jahanam dia bu
18,oya film horror yg kek hah gilak hah wah zaya sangat rekomendasikan perempuan tanah jahanam dan satu lg klo nontonnya jd kek hah paansi yah apee tontonlah ratu ilmu hitam 
18,kamu belum nonton perempuan tanah jahanam sesadis dan semengerikan apa its thriller film but gaada alasan untuk gak ditonton you must watch it apalagi duluan aku nontonnya di bioskop aduh tuhan 
18,terima kasih jugaa untuk perempuan tanah jahanam nyaaaa bang
18,dan gue ke bioskop cuma nongton gundala bumi manusia perempuan tanah jahanam  ratu ilmu hitam  thx  atas diskon 50 untuk tiket pertamanya sbnrnya utk film2 asing juga nongtonnya krn promo ini 
18,thriller jokernontonnya sumpah kerasa banget john wick3 glass itchapter 2 perempuan tanah jahanam scary stories to tell us crawl parasite the terminator
18,hahaha orang datang nak tengok buku dah kena borak pasal filem pulak nanti kalau takde geng nak tengok perempuan tanah jahanam boleh roger 
18,tentu saja perempuan tanah jahanam 
18,perempuan tanah jahanam rate 73 
18,seruan perempuan tanah jahanam
18,pujaan hati  the spouse ost perempuan tanah jahanam ternyata bukan ernie johan kayanya
18,anyone knows where can i watch perempuan tanah jahanam
18,dasar lo perempuan tanah jahanam
18,perempuan tanah jahanam is definitely his weakest work to date but comparing his work with other indonesian directors you know what they always say how can you compare when you dont compete stay hatin joko anwar is one of the best directors whether you wanna admit it or not
18,bang  mungkin kah pengabdi setan dan perempuan tanah jahanam ada lanjutan nya please banget harus ada terutama perempuan tanah jahanam btw pass scene klimaks ptj gw nangis dikit bang itu normal tidak 
18,filem ratu ilmu hitam skrip oleh joko anwar arahan kimo stamboel sedang ditayangkan di pawagam malaysia ini menjadikan 3 karya joko anwar di tayangkan di malaysia dari dec 2019  feb 2020  gundala  26 dec 2019 ratu ilmu hitam  2 jan 2020 perempuan tanah jahanam  6 feb 2020 
18,selepas gundala tara basro muncul dalam filem perempuan tanah jahanam yg juga filem arahan joko anwar bersama marissa anita yang memegang watak ibu sancaka dalam gundala perempuan tanah jahanam akan tayang di malaysia pada 6 february 2020 
18,yaaallaah mamposs diupload betulan masyaallah   itumikah perempuan tanah jahanam
18,ohhh itu di netflix perempuan tanah jahanam ada bukan series kan
18,dak tau kenapo aku jadi teringat film perempuan tanah jahanam
18,mimpi jadk kameramen sekuel perempuan tanah jahanam lgsg didirect sm joko anwar stlhnya ketemu manoj punjabi dan bilang mau kerja scr resmi di poduction housenya  kenapa cuma mimpi
18,mirip difilm perempuan tanah jahanam
18,have you watched perempuan tanah jahanam then a lot of my friends talking about the film they said it was good
18,omigoddd gajadi kabur ditengah film plis bgt bagus filmnya kan film perempuan tanah jahanam kan bagus bgt tuh ya ini lbh bagus lagi 
18,film terbaik yg gua tonton sepanjang tahun ini ada banyak si endgame aladdin lion king joker terminator ford v ferrari utk film hollywood utk lokalnya i stand by vina garut and the gang gadeng boong gapernah nonton itu sumpah film lokalnya ada perempuan tanah jahanam
18,review film perempuan tanah jahanam 
18,youn  woo as maya  dini di perempuan tanah jahanam  woo mau nyari rumah warisan orangtuanya di desa terpencil  youn mau ikut soalnya kalo nanti woo jd kaya dia jg mau duit
18,wn  kalian adalah definisi sesungguhnya dari perempuan tanah jahanam   gak
18,yang paling penting adalah jan nonton horor sendiri w pernah nonton perempuan tanah jahanam sendir di basement w lari larian sumpah
18,dan lagilagi the spouse mengisi soundtrack film horor garapan joko anwar  yaitu perempuan tanah jahanam  lagu pujaan hati ini pernah ada di top 50 di spotify untuk beberapa hari loh guys
18,orang2 itu harus nnton  dan 
18,jadi inget perempuan tanah jahanam by   dimanapun kelainan genetik selalu dibilang kutukan adzab dsb
18,lain kali bikin dong film lakilaki tanah jahanam jangan perempuan aja esmochi kali aku liatnya 
18,macem nntn perempuan tanah jahanam kalo ada tara basro jd serem wkwk
18,perempuan tanah jahanam x perempuan tanah wakaf 
18,lah kalau ada yg isi malah bagusss aku nonton perempuan tanah jahanam kanan kiri kosong jadinya seremmn wkwkek
18,pas di vhb first time liat langsung wkwk mau nyapa pas selesai konser tp malu huhu   eh malah ketemu lebih deket pas di margo sambil spoiler perempuan tanah jahanam
18,5 perempuan tanah jahanam   rate 910   film ini lebih ke thriller ya ngga sih hantunya cuma anak kecil perempuan 3 selain itu ngga ada hantunya di bagian akhir juga ngeselin banget endingnya gantung  
18,jadi inget perempuan tanah jahanam
18,spt nonton perbincangannya di insight  poin yg menarik buat sy masa kecil bung joko anwar yg kelam di medan ikut pengaruhi karya2nya yg gelap setidaknya tergambar dr film gundala  perempuan tanah jahanam yg sdh sy tonton terus berkarya 
18,kena kutukan perempuan tanah jahanam kali
18,pasti kena kutukan perempuan tanah jahanam
18,perempuan tanah jahanam director  joko anwar release  17 october 2019 
18,us midsommar and perempuan tanah jahanam to name a few their soundtracks are toptier
18,perempuan tanah abang gua kalo tanah jahanam gatau bayinya siapa
18,jd inget film perempuan tanah jahanam ga si 
18,asli nih bayi di perempuan tanah jahanam tuh elu trnyt
18,riya bener ini perempuan dari tanah jahanam
18,min kaos perempuan tanah jahanam aja belum dibagiin dan di infoin siapa yang menang
18,apa yg terjadi pada  mengingatkan saya akan film perempuan tanah jahanam karya jokan bagaimana org2 menelan mentah2 informasi yg ada tanpa dicari lbh jauh kebenarannya  jika di perempuan tanah jahanam org2 meyakini jika membunuh dan menguluti maya akan meruntuhkan
18,gundala perempuan tanah jahanam ratu ilmu hitam
18,kyk bayi yg di pilem perempuan tanah jahanam dah
18,gw nonton perempuan tanah jahanam aja brasa kyk komedi ama dia  ngomong mulu sepanjang film  bikin gw ngakak jdi cd nya kita kasih k dia aja wkwk
18,kulitkulit di perempuan tanah jahanam sayang banget padahal bisa buat skin graft 
18,pasca perempuan tanah jahanam w jadi ngefans y sama neng faradina mufti
18,taun ini judul film2 indonesia keren keren bet dah top 10 judul   terlalu tampan  foxtrot six  mantan manten  dua garis biru  perburuan  perempuan tanah jahanam  ratu ilmu hitam  hiruk pikuk si alkisah  darah daging  ku tak percaya kamu mati  apa lagi ni
18,suzzanna bernapas dalam kubur 4 ratu ilmu hitam 3 perempuan tanah jahanam 2 sabrina 2
18,dasar emang perempuan tanah jahanam pembawa kayu bakar
18,selama di palembang tontonan ku countdown rumah kentang gemini man perempuan tanah jahanam  aduh tot gmn ga berpacu ini jantung
18,   lebih jahanam s atau m  
18,sayaaaang banget dah ini btw kek bis perempuan tanah jahanam 
18,ost perempuan tanah jahanam
18,soundtrack perempuan tanah jahanam
18,pengen perempuan tanah jahanam 
18,perempuan tanah jahanam keknya
18,horor plg bagus ta sebelum iblis menjemput the doll 123 perempuan tanah jahanam ratu ilmu hitam
18,terakhir nonton ya perempuan tanah jahanam
18,perempuan tanah jahanam best 910 ending tu cam takyah kot ki sawatpadi i dont remember his name omg encem 
18,tahun lalu perempuan tanah jahanam
18,jarang kapan ya lupa nonton perempuan tanah jahanam
18,5 movies to get to know me    doctor strange  inception  harry potter  parasite  perempuan tanah jahanam  quotereply with yours 
18,terakhir nntn perempuan tanah jahanam
18,5 movies to get to know me   train to busan  rampant  world war z  perempuan tanah jahanam  1917
18,terakhir nntn perempuan tanah jahanam njir uda lama beud
18,terakhir perempuan tanah jahanam
18,perempuan tanah jahanam sih terakhir kali
18,terakhir nonton film perempuan tanah jahanam
18,tahun kemarin film perempuan tanah jahanam
18,ntah kenapa gua keinget scene perempuan tanah jahanam 
18,apa ya maybe ill recommended this film perempuan tanah jahanam crawl us parasite
18,korang ni tanah kubur cantik mrh tanah kubur mahal mrh dh tu dkt jakarta and utk org yg mampu nk reference tanah kubur betul dkt kampung2 belah jawa boleh tgok cerita perempuan tanah jahanam aku sampai terfikir xnk bg bf aku mati dkt sana seram gila 
18,perempuan di tanah jahanam
18,10 movies to know me  cold war tree of life  whiplash  before sunrise perempuan tanah jahanam  ave maryam  inception  the great gatsby  sicario  ophelia 
18,dont hang up wrong turn 16 keknya chucky the conjuring insidious halloween sebelum iblis menjemput perempuan tanah jahanam
18,10 movies to know me   1 the lord of the ring 2 the dark knight  the dark knight rises 3 the shinning 4 the departed 5 parasite 6 memories of murder 7 shawshank redemption 8 fifty first date 9 the raid 10 perempuan tanah jahanam  the town  the prestige 
18,kuingin menangis
18,perempuan tanah jahanam tapi aku ga nonton filmnya wk
18,pengen nonton perempuan tanah jahanam lagi  kapan ada dvd nya 
18,ketemu foto  perbedaan nyi misni tua dan muda yg diperankan oleh legenda seni peran indonesia bu christine hakim di film     the magic of scotch tapes  
18,mandi tida ya
18,penyesalan terbesar 2019  nggak nonton perempuan tanah jahanam
18,10 pelem untuk klean tahu gue kayak apa  10 movies to know me  1 petualangan sherina 2 cokelat stroberi  3 pencarian terakhir 4 perempuan tanah jahanam 5 bangku kosong 6 pocong 2 7 kuntilanak 1 julie estelle  8 rumah dara 9 ada apa dengan cinta 10 imperfect
18,perempuan tanah jahanam ni entahla masuk wayang gelakgelak jeritjerit astu tiber dah habis shshshhshshshs
18,motoran jam 9 malam ke atas di praya berasa lagi main ke setnya perempuan tanah jahanam  orangorang praya nih sebenernya ga perlu nonton horor ya cukup motoran di jam 10 malam aja udah ngeri merasa terancam sama berasa ada yang ngikutin
18,10 movies to get to know me  1 perempuan tanah jahanam 2 bohemian rhapsody 3 hereditart 4 exorcism of emily rose 5 harry potter all 6 trilogy the mighty ducks 7 the invisible guest 8 parasite 9 get out 10 pengabdi setan
18,perempuan tanah jahanam  gundala  hoax  pendekar tongkat emas  a copy of my mind  ini kisah 3 dara  3 srikandi  another trip to the moon  1917  knives out  annabelle comes home  buang2 waktu
18,iya gw juga liat dl filmya gmnkaya nkcthi tuh bagustrs film perempuan tanah jahanam jg gw ntnbagus
18,film indonesia rumah dara filosofi kopi  perempuan tanah jahanam pokoknya yang darah darah gitu wkwkwkw
18,perempuan tanah jahanam boleh
18,aku yg malu
18,happy birthday qaqa
18,owww dasar perempuan tanah jahanam 
18,butuh thread horor
18,indosat napasih
18,langsun vc 
18,urban legend nampaknya seru mas lumayan buat referensi saya buat short movie dikampus hehe karena jujur saja film perempuan tanah jahanam mas jadi referensi film tarian malam terakhir saya di youtube mas hehe apapun filmnya nanti yang penting bisa menginspirasi mas 
18,met hari senin gais
18,aq kira perempuan tanah jahanam
18,wkwk jadi inget nonton perempuan tanah jahanam sendirian 
18,perempuan tanah jahanam misni  ratih
18,bucin bat akunih
18,takut diketawain ah
18,swit cekaleehhh uwu
18,kl lucu ntar diketawain
18,2in
18,bernadaaa
18,knp
18,tidak ikhlas aku laurie nikah sama amy
18,aku syp
18,akun twitter riki 6
18,bg  tadi malem dede mimpi  udah tayang trus nih perempuan berdarah jawa gitu dan filmnya kental bgt tradisional jawa kira2 mimpiku bener gk bg 
18,bang kenapa sut  buat film judulnya  bukan  
18,gundala vs perempuan tanah jahanam   cc  tolong ntar ini dibuat film 
18,jadi entar perempuan tanah jahanam jadi supervillainnya
18,film superhero gundala beda sama film horor perempuan tanah jahanam 
18,hih pie tho kui kan perempuan tanah jahanam
18,sekalian kayanya satu lokasi ama perempuan tanah jahanam juga mirip mirip banget soalnya  
18,ini footage perempuan tanah jahanam  ratu ilmu hitam kayanya ketuker masuk gundala  
18,thus ends the 27dayshoot of perempuan tanah jahanam gratitute be xpressed to everyone involved especially my  susantitedja dodisetiadi711 nessanonski   a masterpiece that 
18,karena suting perempuan tanah jahanam udah selesai enaknya ngapain ya hari ini   
18,film saya yang ke8 perempuan tanah jahanam impetigore telah selesai suting sebuah perjalanan yang nggak akan bisa dilupakan sebuah petualangan a rollercoaster ride of emotion peluk satusatu semua kru dan pemain yg selalu kasih yg terbaik terima kasih temanteman 
18,selfie at last day with the director and main actress of perempuan tanah jahanam the movie and finally its a wrap 
18,perempuan tanah jahanam aja trailernya belom keluar udah ada ratu ilmu hitam ini apalagi ini malah ada projectnya timo ama abimana setelah sebelum iblis menjemput wagelaseeehhhh 
18,untuk kali ini kayaknya bakalan naik probabilitasnya buat nonton walaupun nggak setinggi perempuan tanah jahanam ikut aku ke neraka  ratu ilmu hitam
18,tony and bejo    lumajang 
18,terima kasih bang  dan mbak  atas kesempatannya   
18,three more shooting days left for  
18,dasar kau perempuan tanah jahanam 
18,dalam waktu dekat saja asmara bakal main di beberapa film horror perempuan tanah jahanam sekte ghost writer
18,film fiksi bagus banget lanjut modus anomalia dan janji joni  gasabar nunggu gundala sama perempuan tanah jahanam
18,shoot movie  impetigore perempuan tanah jahanamby joko anwar  pasar besar matahari 
18,selesai  tancap langsung  ya pak
18,nah ini yang ditunggu2 aksi dari pahlawan indonesia setelah gundala lalu perempuan tanah jahanam 
18,teaser perempuan tanah jahanam 
18,benarbenar ngga sabar dengan film gundala dan perempuan tanah jahanam jarangjarang  rilis dua film sekaligus semoga hasilnya maksimal terus sesuai ekspetasi gua dan orangorang di luar sono  tapi klo bang joko ma aku yakin terbaik filmnya
18,perempuan tanah jahanam  ditunggu
18, your a legendary filmmaker please bring gundala and perempuan tanah jahanam to the cinemas in sydney australia  ps does anyone know where i can find a copy of my mind with english subtitles 
18,gundala sek apa perempuan tanah jahanam yg rilis ndan 
18,perempuan tanah jahanam gory gak bang saya gak kuat kalo horor gory
18,wohhoooo makin gak sabar nontong gundala sama perempuan tanah jahanam
18,apakah di film gundala dan perempuan tanah jahanam ada peran ibu bang 
18,ampun dah om joko dr yg uda dtontn cuma g suka modus anomali dan skrng exited ama perempuan tanah jahanam 
18,ku menunggu perempuan tanah jahanam karna ada kaka marissa anita
18,tahun ini ada dua film saya yang akan rilis di bioskop gundala dan perempuan tanah jahanam mudahmudahan punya waktu untuk nonton ya temanteman   terus berkarya sampai tidak bisa 
18,selamat hari film nasional temanteman terima kasih udah percaya dan antusias terhadap film indonesia   salam dari kami semua di set film perempuan tanah jahanam 
18,aku bersedia jadi tanah di film perempuan tanah jahanam om cameo cameo juga boleh nampak bayangan doang pun tak apa  
18,di deket rumah aqq ada rumah belanda hampir 2 mingguada yang shooting oh ternyata shooting perempuan tanah jahanam huhu
18,ratu ilmu hitam dan perempuan tanah jahanam
18,ratu ilmu hitam nih atau perempuan tanah jahanam nih
18,all work n no play makes me a dull dull boy career gets in the way    by momonthefreak     day 15     
18,perempuan tanah jahanam juga
18,boleh gak perempuan tanah jahanam dan midsommar buruan rilis
18,when youre intrigue by perempuan tanah jahanam but you love your sleep and you know after watching horror youd be too chickenshit to close your eyes
18,ikut aku ke neraka perempuan tanah jahanam dan ratu ilmu hitam
18,perempuan tanah jahanam ratu ilmu hitam ikut aku ke neraka   buset ashiap
18,ikut aku ke neraka  selain perempuan tanah jahanam dan ratu ilmu hitam ada satu lagi nih film horror indonesia yang patut dinantikan dari sutradara film kafir  ada cut mini 
18,gw kira logo assasins creed loh itu do poster perempuan tanah jahanam  xixixixiixxicooh tenan og
18,ratu ilmu hitam perempuan tanah jahanam my heart is not ready
18,perempuan tanah jahanam  rapi films joko anwar ario bayu  ratu ilmu hitam  rapi films joko anwar ario bayu  apakah ario bayu memerankan nick fury dalam rfcu  rapi films cinematic universe  
18,apakah sensasi menonton perempuan tanah jahanam nantinya akan sama seperti saat menonton us 
18,kalau perempuan tanah jahanam disingkat petjah yang ratu ilmu hitam ini disingkat ratih 
18,asmara abigail kan ikut main di perempuan tanah jahanam mungkin yaa
18,perempuan tanah jahanam impetigore  asdfghjkl just bring it on   
18,perempuan tanah jahanam impetigore 
18, 20193   perempuan tanah jahanam woman of the cursed land its a horrorthriller movie about a woman who returns to her village without knowing that the village has been cursed 
18,cuy ada open casting perempuan tanah jahanam tuh
18,perempuan di tanah jahanam impetigore dikatakan joko anwar akan tayang akhir 2019 
18,perempuan tanah jahanam sama pengepungan di bukit duri benerbener judul yang bikin merinding 
18,joko anwar beri bocoran soal film perempuan tanah jahanam impetigore  
18, joko anwar beri bocoran soal film perempuan tanah jahanam impetigore joko anwa  
18,usai pengabdi setan joko anwar garap film horor perempuan tanah jahanam 
18,bang bocoran dikit tentang perempuan tanah jahanam dong sebelum mati penasaran nih
18,penasaran sama perempuan tanah jahanamjudulnya aja udh bikin penasaran apalagi film nya ya
18,kepada peminat filem arahan  terutama filem  pasti tidak sabar untuk menonton filem seram terbarunya joko berjudul  jom baca selanjutnya 
18,gundala superhero salah satu genre yg sulit di adaptasi di perfilman kita dan perempuan tanah jahanam hororthriller yg cukup lama tersendat ndak tanggungtanggung keduanya di sutradarai joko anwar tayang tahun ini pula ndak ada alasan utk tidak menonton kedua film ini 
18,nggak ah mau nungguin perempuan tanah jahanam aja
18,update sukses dengan pengabdi setan di 2017 tahun 2019 ini joko anwar fix akan bikin film horror lagi kali ini perempuan tanah jahanam impetigore sedang dlm proses pembuatan  fix juga baru liat posternya aja udah penasaran buat nonton setuju 
18,film horror pengabdi setan yang tenar beberapa bulan yang lalu membuat nama joko anwar melambung tinggi pada tahun 2019 ini joko anwar akan merilis film horror terbarunya yang berjudul perempuan tanah jahanam impetigore yuk baca info 
18,sekuel pengabdi setan perempuan tanah jahanam benarkah 
18,popular bagaimana kisah perempuan tanah jahanam film terbaru joko anwar 
18, bagaimana kisah perempuan tanah jahanam film terbaru joko anwar oko anwar belu  
18,bagaimana kisah perempuan tanah jahanam film terbaru joko anwar oko anwar belu  
18,bagaimana kisah perempuan tanah jahanam film terbaru joko anwar 
18,beberapa hari yang lalu joko anwar membocorkan project terbarunya yang berjudul perempuan tanah jahanam another horrorthriller from  its a big yes cant hardly wait
18,joko anwar siapkan perempuan tanah jahanam 
18,kado tahun baru joko anwar untuk penikmat film indonesia setelah ibu pengabdi setan akan hadir perempuan tanah jahanam impetigore  penasaran ini bocorannya  
18,gundala dan perempuan tanah jahanam sebabnya joko anwar
18,bubbling up 2019 releases  8 perempuan tanah jahanam impetigore  9 twivortiare  10 untitled ernest prakasa  starvision 2019  11 ave maryam 12 yowis ben 2 13 mencuri raden saleh
18,film hororthriller yg kutunggu  1 us 2 perempuan tanah jahanam 3 midsomar
18, pasti sudah enggak asing nih sama karyakarya keren dari joko anwar kirakira kejutan apa lagi yang yang akan diberikan di film terbarunya      
18,joko anwar bikin misteri film perempuan tanah jahanam   logo film perempuan tanah jahanam impetigore yang diunggah joko anwar pada senin 31122018 setelah sukses besar dengan pengabdi setan 2017 sineas joko anwar kembali menggarap film horormela
18,endgame joker godzilla 2 perempuan tanah jahanam gundala
18,shoplifters kalo masuk wkwk 27 steps of may kalo ditayangin wkwk gundala perempuan tanah jahanam
18,popular perempuan tanah jahanam impetigore film horor terbaru joko anwar 
18,selamat tahun baru tahun ini  tidak hanya akan merilis gundala namun juga akan merilis thriller terbarunya yang berjudul perempuan tanah jahanam 
18,hiii akan ada perempuan tanah jahanam dari joko anwar 
18,hiii akan ada perempuan tanah jahanam dari joko anwar  
18,woaaa perempuan tanah jahanam
18,perempuan tanah jahanam impetigore film horor terbaru joko anwar 
18,eh perempuan tanah jahanam sembarangan anda
18,perempuan tanah jahanam dan lgbt rights
18,mvs menurut kalian seruan mana perempuan tanah jahanam atau ratu ilmu hitam
18,kenapa sih gue selalu ragu sama film indo pahal udah nonton wedding aggrement nkcthi ratu ilmu hitam perempuan tanah jahanam sebelum iblis menjemput
18,kamu jahat bngt blgin ak perempuan tanah jahanam
18, have you watched perempuan tanah jahanam by   i wanna hear your thoughts on it on kermode on film podcast pretty pleaseeeee
18,aku orangnya serius kok  iya perempuan tanah jahanam udah liat
18,yaaahhh  aku ga ahli gombal sih tapi kalau serius aku ahlinya  ptj apaaa oh perempuan tanah jahanam
18,get out us perempuan tanah jahanam
18,ini bro pendapat warga amerika di sundancefestival setelah menonton film perempuan tanah jahanam impetigore  cek yuk  kira kira pendapat mereka seperti apa ya  jadi penasaran   
18,itu date deh  wanna date with me  aku terakhir nonton perempuan tanah jahanam jumanji sama dolittle
18,film indo yang perempuan tanah jahanam itu karya joko anwar serem sih kata aku
18,film perempuan tanah jahanam tayang di sundance film festival begini reaksi penonton amerika 
18,film perempuan tanah jahanam sedang tayang di sundance film festival 2020 
18,i am so mad that my exams are placed right when perempuan tanah jahanam have screenings in rotterdam
18,pemutaran kedua perempuan tanah jahanam impetigore di sundance full house sampai banyak yang nggak dapat kursi temanteman  great great responses 
18,bangga impetigoreperempuan tanah jahanam tembus ke sundance festival orang luar jadi tau budaya indonesia yang berbau klenik mistis sihir mitos dan lainlain  maju terus film indonesia  
18,list film indonesia terbaik sepanjang 2019  januari 2020 imo   1 nkcthi 2 gundala 3 perempuan tanah jahanam  4 ratu ilmu hitam 5 ave maryam 6 kucumbu tubuh indahku 7 love for sale 8 dilan 1990 9 dua garis biru
18,kebayang tidak kamu saat sedang kkn terus di desa mu orang2nya kayak di perempuan tanah jahanam
18,when it was snowing at the first night of the premiere     sundance 
18,kami menuju pemutaran kedua impetigore perempuan tanah jahanam di sundance di salt lake city pemutaran pertama sambutannya luar bisa yang kedua ini bakal rame nggak ya yang nonton 
18,set perempuan tanah jahanam
18,aku ga suka cowo perokok tapi kalo ganteng gpp perempuan tanah jahanam
18,beberapa snapshots team perempuan tanah jahanam di sundance 
18,perempuanperempuan tanah jahanam di sundance film festival 2020  marissa anita dan     sundance 
18,snapshots of my snow squad in      park city utah 
18,hmmm jd inget dulu pernah punya grup perempuan tanah jahanam tp skrg tinggal betiga anggotanya wkwkw
18,kamu adalah kesalahan yang harus aku hapus    tayang di pawagam 6 februari 2020  dari penulis dan pengarah pengabdi setan  joko anwar    
18,kamu adalah kesalahan yang harus aku hapus    tayang di pawagam 6 februari 2020  dari penulis dan pengarah pengabdi setan  joko anwar   
18,pernahh waktu nntn perempuan tanah jahanam aing nntn sendirian pinggir aing cowo pas adegan serem nya tangan nya aing pegang terus aing tarik bajunya eh si mas mas nya diem bae
18,perempuan tanah jahanam wkwkwk
18,nantikan filem seram indonesia perempuan tanah jahanam arahan joko anwar pada 6 februari ini      kredit jokoanwarapparels 
18,ada yang pernah nonton perempuan tanah jahanam
18,kaga duluan perempuan tanah jahanam 3 minggu kemudian baru ratu ilmu hitam
18,pernah di grepe2 sama cowok pas nonton film perempuan tanah jahanam nyebelin tapi anehnya aku diem aja
18,ibu christine hakim   nyi misni   
18,ampun para perempuan tanah jahanam
18,banyak sih salah satunya ya perempuan tanah jahanam
18,mvs nonton perempuan tanah jahanam sama ratu ilmu hitam dimana ya guys ada streamingnya gak ya maaf kalo kudet pengen nonton horor indo yg bagus banget butuh asupan horor 
18,kemarinan sempet bikin short film tentang horor kali ini bikin parodi perempuan tanah jahanam buat yang udah nonton film nya pasti paham deh          
18,amazing night at the us and international premiere of impetigore perempuan tanah jahanam at sundance 2020 with the awesome squad lo fi base entertainment ivanho pictures and cj entertainment blessed to work 
18,perempuan tanah jahanam has gone international
18,getty images impetigore perempuan tanah jahanam on sundance film festival 2020      
18,film perempuan tanah jahanam premier perdana internasional dan amerika serikat di sundance film festival 2020 dinantikan banyakorang 
18,cute contagious smiles i love seeing the casts having a great time at the festival  
18,min perempuan tanah jahanam dong heheh 
18,disini cukup nonton gratis perempuan tanah jahanam
18,perempuan tanah jahanam tayang perdana dias 
18,ada yang mau tiket on off festival day 1 idol zone gratis kalau bisa tukeran sama yang punya community zone day 1 mau ketemu sama cast perempuan tanah jahanam soalnya  
18,semalem ku liat it basicnya takut badut alhamdullilah g kebayang bayang  malah kebayang setannya film perempuan tanah jahanam padahal masi loat trailer nya aja bisa selemah itu aku 
18,midsommar perempuan tanah jahanam saat iblis menjemput ayat 2 ad astra hustlers dsb  haduuu dompet aku yg syabar ya naque  besok emak jualan serum  sambel yg buanyak wess    soalnya kalo udah nyampe mall ga mungkin cuma nonton doang 
18,sampai jumpa besok jam 1630 di community stage  2019 untuk meet and greet bersama para pemain perempuan tanah jahanam teman teman  temanteman bisa bertemu dengan    dan  lho  jangan sampai terlewat 
18,aku mau aku diajak nonton perempuan tanah jahanam
18,sama perempuan tanah jahanam juga eh
18,besok juga ada ini  
18,danur 3  perempuan tanah jahanam
18,oke  semoga jojo rabbit tayangnya 16 oktober ya biar bisa maraton bareng   
18,dasar cewe yg bernama perempuan bisanya cuma ngode doang     
18,perempuan tanah jahanam kah 
18,trailer perempuan tanah jahanam abang 
18,perempuan tanah jahanam kah
18,ahh dengan bodohnya ku kira itu ibu atau nenek di teaser perempuan tanah jahanam 
18,perempuan tanah jahanam dong 
18,foto bareng aktris favorite gw  semoga sehat and sukses trus ya mbak couldnt wait for your next movie perempuan tanah jahanam 
18,more reasons to watch perempuan tanah jahanam sumpah makasih bgt bang  hehhehehehehehehe
18,perempuan tanah jahanam ratu ilmu hitam   i should watch them
18,17 oktober    setelah gundala  kembali ke genre horor thriller melalui perempuan tanah jahanam yang memberikan napas baru bagi penggila film yang menunggunya  
18,set perempuan tanah jahanam skeri euy  
18,dari janji joni kala pintu terlarang modus anomali a copy of my mind pengabdi setan gundala dan yg nanti bakal tayang yaitu impetigore perempuan tanah jahanam semua nya punya keterkaitan satu sama lain
18,warkop dki danur 3  sunyaruri perempuan tanah jahanam ratu ilmu hitam  dan sepertinya ada yg lain 
18,tambahin list ah 4 bumi manusia 5 twivortiare 6 perempuan tanah jahanam 7 ratu ilmu hitam 8 imperfect
18,nonton perempuan tanah jahanam tik 
18,yuk bertemu dengan    dan  dari perempuan tanah jahanam di on off festival  ada giveaway tiket on off festival hari pertama sabtu 7 september 2019 lho lihat dan follow instagram  untuk keterangan lengkapnya yah
18,bisa banget danur 3 ratu ilmu hitam perempuan tanah jahanam warkop reborn   most likely   love for sale 2 bebas habibie and ainun 3
18,bisa banget danur 3 ratu ilmu hitam perempuan tanah jahanam warkop reborn   most likely   love for sale 2
18,danur 3 sunyaruri perempuan tanah jahanam warkop reborn ratu ilmu hitam imperfect
18,harusnya kalau ratu ilmu hitam dan perempuan tanah jahanam masingmasing tembus 1 juta penonton sih jokan patut dikasi award spesial di ffi atau ajang apalah sangat sedikit filmmaker bisa bukukan pencapaian itu dalam 1 tahun
18,perempuan tanah jahanam imperfect bebas ratu ilmu hitam dong
18,saya hbs dri bioskop liat poster perempuan tanah jahanam bru sdar ad cj entertainment 
18,its only september but we can already declare that 2019 is the year of joko anwar now that both orang kaya baru comedy  gundala action passed the box office threshold of 1 million tickets sold  hes definitely going to make a hattrick with perempuan tanah jahanam
18,more of ario bayu speaking javanese granted  
18,sepertinya tahun ini akan banyak  tembus 1 juta calon2 film yg akan menyusul     
18,bicara potensi ya secara kronologis warkop reborn danur 3 bebas perempuan tanah jahanam ratu ilmu hitam si manis di jembatan ainun imperfect  itu sebagian sudah praktis given   peluang menjadi amca ke2 susi susanti
18,otw 
18,wishlist lainnya selain perempuan tanah jahanam 
18,tahun ini  dipastikan akan merilis perempuan tanah jahanam  
18,perempuan tanah jahanam dan formula film horor dalam negeri  
18,himbauan kepada emak2 jangan sampai tidak mengimani ayat al quran yg 1 ini ya          
18,nggak maksude kan nanti yang maen tara basro ma marissa anita pikirku scene itu ada sangkut pautnya ma perempuan tanah jahanam 
18,bang  perempuan tanah jahanam udah sneak peek di bioskop bang 
18,scene pas wulan cerita kalau pas di tenggara ketemu sama ibunya sancaka di rumah sakit tenggara mungkin setting tempat perempuan tanah jahanam
18,sampai jumpa dg perempuan tanah jahanam di on off festival  temanteman bs mendapatkan tiket on off festival hari pertama sabtu 7 sep 2019 utk bertemu dg para pemain film perempuan tanah jahanam lho  lihat dan follow instagram  utk keterangan lengkapnya yah
18,scene pas sancaka mimpi sancaka kecil liat bapak nya di kerubungi teman2 nya di lorong kayak ada hantu itu hantu di perempuan tanah jahanam bukan kayaknya bukan ibu
18,keterkaitan yang biasa di filmfilm dia dan juga di salah satu scene gundala ada 1 scene di mana adalah clue untuk film dia selanjutnya perempuan tanah jahanam  scene mana coba 
18,terbaru menunggu perempuan tanah jahanam ratu ilmu hitam dan kuyang 
18,pengen nonton ready or not it chapter 2 sama perempuan tanah jahanam disusul midsommar dan joker  kesempurnaan
18,poster pun ya allah gue takut but im in kena bawak partner sorang im waiting for perempuan tanah jahanam dulu 
18,bang  setahun terakhir direct 2 film gundala  perempuan tanah jahanam nulis 4 script film 2 utk film yang didirect sendiri 2nya lg orang kaya baru sama ratu ilmu hitam  okb dah tembus sejuta gundala jg otw semoga yang 2 lagi juga sama  
18,hebat bang  nge direct 2 film tahun ini gundala sama perempuan tanah jahanam terus nulis 4 script film tahun ini 2 untuk film yang dia direct dan 2 untuk orang kaya baru sama ratu ilmu hitam  okb udah tembus sejuta gundala otw sejuta semoga yang dua lagi juga
18,liat trailernya ga kepengen ntn gundala lebih pengenan ntn perempuan tanah jahanam
18,ada ratu ilmu hitam dan perempuan tanah jahanam 
18,fix nonton perempuan tanah jahanam  ada yang mau nemenin  ga berani klo sendiri
18,gundala warkop dki reborn danur perempuan tanah jahanam  
18,perempuan tanah jahanam dulu
18,  lebih seram dari pengabdi setan ini kisah mistis yang dialami pemain perempuan tanah jahanam  via  179
18,dialog di perempuan tanah jahanam kamu kesalahan yang harus aku hapus  harusnya serem tapi di kepala gue malah jadi galau 
18,rasakan teror level baru dari joko anwar di perempuan tanah jahanam tayang 17 oktober 2019  jangan nonton sendirian    tanahjahanam      
18,keramat 5cm cas cinematography step aside critanya bagus punk in love ayat2 cinta pengabdi setan gundala  otewe bagus itu perempuan tanah jahanam
18,semua penonton pakai topeng perempuan tanah jahanam berangkat
18,1bebas perempuan tanah jahanam  love for sale 2 perempuan tanah jahanam
18,aku juga belum pernah ditarot lalen teamhorror reuni dong perempuan tanah jahanam shall we
18,which one from this list that really worth to watch      
18,perempuan tanah jahanam cepet banget keluarnya setelah gundala dan ga merhatiin pasti sih gundala kalah laku sama pengabdi setan cuma teori gw sih antara ja produktif banget atau cari tutupan gundala n sumber lain buat bcu d
18,katanya film perempuan tanah jahanam ini lebih seram dari pengabdi setan kita buktikan saja tanggal 17 oktober 2019 saya sih tidak takut hanya sering kaget saja
18,kepikiran ny ini promo flm  kya pas promo film perempuan tanah jahanam pda pake topeng
18,liat ini langsung ke pikiran  dong gara perempuan tanah jahanam yg orng pda pake topeng
18,lebih seram dari pengabdi setan ini kisah mistis yang dialami pemain perempuan tanah jahanam  via   336
18,21 hari menuju perempuan tanah jahanam dan bertemu kesalahan yang harus kamu hapus banyak wujudnya manusia semua   17 oktober 2019     
18,ini aku pinjemin tippex   
18,abis nonton 2 menitan udah tegak full malah nonton trailer perempuan tanah jahanam jadi kisut gini tidor ajaa tidoooor
18,lokasi utama suting perempuan tanah jahanam dilakukan di sebuah desa terpencil di jawa timur yang dikelilingi hutan informasi tentang desa ini kami dapatkan dari kelompok pencinta alam yang pernah tidak sengaja melewati desa ini ketika dalam perjalanan di hutan 
18,1 3 okt bebas inem pelayan sexy new 2 17 okt ajari aku islam perempuan tanah jahanam
18,pokoknya aku pengen bulan depan nonton perempuan tanah jahanamnya gak sendiri
18,bebas perempuan tanah jahanam dan susi susanti cihuyy
18,21 hari lagi menuju perempuan tanah jahanam dan bertemu kesalahan yang harus kamu hapus   17 oktober 2019 di bioskop seluruh indonesia       
18,ini apaaaa ya ampooon   
18,perempuan tanah jahanam ini nampaknya leh uga
18,mudah mudahan ada film lebih horor dari horor dengan judul perempuan jahanam tanah tweetland dengan pemain utamanya 
18,kamukesalahan yang harus aku hapus cuplikan dialog di perempuan tanah jahanam
18,dengerdenger sih perempuan tanah jahanam bagian dari trilogi dead time
18,21 hari lagi menuju perempuan tanah jahanam dan bertemu kesalahan yang harus kamu hapus  17 oktober 2019 di bioskop seluruh indonesia      video selengkapnya 
18,mulai dari film bebas hingga perempuan tanah jahanam akan tayang di bioskop pada oktober mendatang 
18,21 hari lagi menuju perempuan tanah jahanam dan bertemu kesalahan yang harus kamu hapus  17 oktober 2019 di bioskop seluruh indonesia      
18,21 hari lagi pada 17 oktober 2019 hapus kesalahanmu dalam perempuan tanah jahanam    
18,oke oktober aku harus hemat ke pekan cukup sekali aja sisanya leha leha realita  minggu 1 joker minggu 2 arisan minggu 3 perempuan tanah jahanam  bye tabungan 
18,mumpung baru gajian sisihin duit buat  3 minggu lagi    
18,perempuan tanah jahanam impetigore  17 oktober 2019 21 hari lagi  masih ada waktu buat nyari cemceman buat nemenin nonton perhororan ini    
18,memang masih 3 minggu lagi sih tapi gpp kan kalau diingatkan dari sekarang   21 hari menuju perempuan tanah jahanam   17 oktober 2019     
18,21 hari lagi menuju perempuan tanah jahanam dan bertemu dengan kesalahan yang harus kamu hapus  sudah siap untuk teror level baru dari joko anwar temanteman  17 oktober 2019 di bioskop seluruh indonesia  jangan nonton sendirian   
18,kalo kamu jadi kesalahan boleh ga aku jadi penghapusnya         21 hari menuju  perempuan tanah jahanam    
18,21 hari menuju perempuan tanah jahanam dan bertemu kesalahan yang harus kamu hapus  17 oktober 2019      
18,21 hari menuju perempuan tanah jahanam dan bertemu kesalahan yang harus kamu hapus  17 oktober 2019     
18,nonton bebas sama ibu bisa kaliyak sma taun 90an pasti berasa tuh wkwk bebas joker perempuan tanah jahanam susi susanti love for sale 2 banyak bangetttt gatau mau pilih yg mana
18,gak sabar bgt mau nonton perempuan tanah jahanam astaghfirullah
18,perempuan tanah jahanam tuh seru kayanya nanti tetep aja kudu nonton berdua
18,1 bebas perempuan tanah jahanam dan love for sale 2  2 love for sale 2
18,perempuan tanah jahanam ki perempuan sik ninggal pas isih sayang sayange
18,1 bebas perempuan tanah jahanam cinta itu buta 2 perempuan tanah jahanam
18,selesai  jawaban judul film di video ini adalah perempuan tanah jahanam  mimin denger2 juga filmnya bakal tayang di seluruh jaringan bioskop tanah air mulai tanggal 17 oktober 2019 hmmmmm mimin ajak 
18,perempuan tanah jahanam susi susanti love for sale
18,1 love for sale 2 perempuan tanah jahanam dan sin 2 love for sale 2
18,tiga film yang minat buat ditonton  perempuan tanah jahanamcinta itu butasusi susanti love all kalau cuma bisa nonton satu film aku pilih perempuan tanah jahanam
18,ku tak percaya kamu mati perempuan tanah jahanam lampor
18,1  perempuan tanah jahanam  inem pelayan seksi  2  perempuan tanah jahanam
18, perempuan tanah jahanam  lampor keranda terbang  love for sale 2
18,1 perempuan tanah jahanam bebas susi susanti  2 perempuan tanah jahanam
18,mimpi ketemu tara basro tangi tangi cek ig  reloaded postingan  postingan atas sendiri joko anwar perempuan tanah jahanam dengan cover ada tara basro nya apakah sebuah kebetulan atau pertanda yaw
18,1 susy susanti bebas perempuan tanah jahanam 2 susy susanti
18,1  bebas      perempuan tanah jahanam      love for sale 2  2 perempuan tanah jahanam
18,21 hari lagi perempuan tanah jahanam tayang 17 oktober siapsiap masuk ke desa harjosari 
18,bebas perempuan tanah jahanam susi susanti love all  penggemar  penikmat film film joko anwar tp kalo hanya bisa nonton satu ya pilih bebas aja
